-- Auto-generated SQL INSERT statements for restaurants
-- Generated: 2026-01-04 12:27:08
-- ========================================

-- STEP 1: Tạo tài khoản Users cho nhà hàng
insert into users (id, name, password, email, phone)
values
    (
        '678a8f67-686a-415a-a99f-96db2cf114af',
        'restaurant1',
        '$2y$10$rDcdwXRIWUMUGHI/YnE.m.mifyw.i/cF3OdeiM5h5JQqvVCIECFeO',
        'restaurant1@restaurants.com',
        '0377948500'
    ),
    (
        'd440bf86-a9ca-44d3-b83b-f1369683fa8c',
        'restaurant2',
        '$2y$10$rDcdwXRIWUMUGHI/YnE.m.mifyw.i/cF3OdeiM5h5JQqvVCIECFeO',
        'restaurant2@restaurants.com',
        '0377948501'
    ),
    (
        'ae83d1d4-bbb1-41d8-9001-de4ce70ada91',
        'restaurant3',
        '$2y$10$rDcdwXRIWUMUGHI/YnE.m.mifyw.i/cF3OdeiM5h5JQqvVCIECFeO',
        'restaurant3@restaurants.com',
        '0377948502'
    ),
    (
        '5848645a-61de-4778-89a5-f67790dfc382',
        'restaurant4',
        '$2y$10$rDcdwXRIWUMUGHI/YnE.m.mifyw.i/cF3OdeiM5h5JQqvVCIECFeO',
        'restaurant4@restaurants.com',
        '0377948503'
    ),
    (
        'e0d3636f-1732-4d23-8a5f-4f3fc954e7d6',
        'restaurant5',
        '$2y$10$rDcdwXRIWUMUGHI/YnE.m.mifyw.i/cF3OdeiM5h5JQqvVCIECFeO',
        'restaurant5@restaurants.com',
        '0377948504'
    ),
    (
        '7870e451-da2d-404b-b7ed-16d592eb524c',
        'restaurant6',
        '$2y$10$rDcdwXRIWUMUGHI/YnE.m.mifyw.i/cF3OdeiM5h5JQqvVCIECFeO',
        'restaurant6@restaurants.com',
        '0377948505'
    ),
    (
        'b7adecf8-27d2-46f0-a1c7-d37b2b3c4f7e',
        'restaurant7',
        '$2y$10$rDcdwXRIWUMUGHI/YnE.m.mifyw.i/cF3OdeiM5h5JQqvVCIECFeO',
        'restaurant7@restaurants.com',
        '0377948506'
    ),
    (
        '7b8c5548-421e-4a99-a67c-376624628753',
        'restaurant8',
        '$2y$10$rDcdwXRIWUMUGHI/YnE.m.mifyw.i/cF3OdeiM5h5JQqvVCIECFeO',
        'restaurant8@restaurants.com',
        '0377948507'
    ),
    (
        '4254b5ab-4c03-4b86-a223-c4136718b540',
        'restaurant9',
        '$2y$10$rDcdwXRIWUMUGHI/YnE.m.mifyw.i/cF3OdeiM5h5JQqvVCIECFeO',
        'restaurant9@restaurants.com',
        '0377948508'
    ),
    (
        'a740594d-ddc9-45e8-b5bf-9990b59e6483',
        'restaurant10',
        '$2y$10$rDcdwXRIWUMUGHI/YnE.m.mifyw.i/cF3OdeiM5h5JQqvVCIECFeO',
        'restaurant10@restaurants.com',
        '0377948509'
    ),
    (
        'c4979736-f0d0-45ec-a610-61429ec685cf',
        'restaurant11',
        '$2y$10$rDcdwXRIWUMUGHI/YnE.m.mifyw.i/cF3OdeiM5h5JQqvVCIECFeO',
        'restaurant11@restaurants.com',
        '0377948510'
    ),
    (
        'b807e51b-11a5-4790-8119-e8a61b1978fd',
        'restaurant12',
        '$2y$10$rDcdwXRIWUMUGHI/YnE.m.mifyw.i/cF3OdeiM5h5JQqvVCIECFeO',
        'restaurant12@restaurants.com',
        '0377948511'
    ),
    (
        'bd25805c-1763-4c3d-85bd-5566ae4b0274',
        'restaurant13',
        '$2y$10$rDcdwXRIWUMUGHI/YnE.m.mifyw.i/cF3OdeiM5h5JQqvVCIECFeO',
        'restaurant13@restaurants.com',
        '0377948512'
    ),
    (
        '62791ad3-4c4d-4a98-803f-9ae4d91d9e8f',
        'restaurant14',
        '$2y$10$rDcdwXRIWUMUGHI/YnE.m.mifyw.i/cF3OdeiM5h5JQqvVCIECFeO',
        'restaurant14@restaurants.com',
        '0377948513'
    ),
    (
        '89e502fe-9575-4c8e-b9c6-834f6b3556af',
        'restaurant15',
        '$2y$10$rDcdwXRIWUMUGHI/YnE.m.mifyw.i/cF3OdeiM5h5JQqvVCIECFeO',
        'restaurant15@restaurants.com',
        '0377948514'
    ),
    (
        '177c396f-b72a-44af-86e6-0ad877525c0d',
        'restaurant16',
        '$2y$10$rDcdwXRIWUMUGHI/YnE.m.mifyw.i/cF3OdeiM5h5JQqvVCIECFeO',
        'restaurant16@restaurants.com',
        '0377948515'
    ),
    (
        '00ab012f-2d32-498d-aec1-c01dd5d91f6c',
        'restaurant17',
        '$2y$10$rDcdwXRIWUMUGHI/YnE.m.mifyw.i/cF3OdeiM5h5JQqvVCIECFeO',
        'restaurant17@restaurants.com',
        '0377948516'
    ),
    (
        '48ddb17d-3cfc-4260-9c4a-1dfaba2d95e5',
        'restaurant18',
        '$2y$10$rDcdwXRIWUMUGHI/YnE.m.mifyw.i/cF3OdeiM5h5JQqvVCIECFeO',
        'restaurant18@restaurants.com',
        '0377948517'
    ),
    (
        '49baebf4-31cc-4ff0-8109-f0d6abce3be6',
        'restaurant19',
        '$2y$10$rDcdwXRIWUMUGHI/YnE.m.mifyw.i/cF3OdeiM5h5JQqvVCIECFeO',
        'restaurant19@restaurants.com',
        '0377948518'
    ),
    (
        'ee88b6b8-d577-418a-a67f-314f7d50ca6c',
        'restaurant20',
        '$2y$10$rDcdwXRIWUMUGHI/YnE.m.mifyw.i/cF3OdeiM5h5JQqvVCIECFeO',
        'restaurant20@restaurants.com',
        '0377948519'
    ),
    (
        '94143d11-de36-44d0-b844-3f8aa6a4a649',
        'restaurant21',
        '$2y$10$rDcdwXRIWUMUGHI/YnE.m.mifyw.i/cF3OdeiM5h5JQqvVCIECFeO',
        'restaurant21@restaurants.com',
        '0377948520'
    ),
    (
        '822e6db8-4f23-4504-991f-f4c1b2a98597',
        'restaurant22',
        '$2y$10$rDcdwXRIWUMUGHI/YnE.m.mifyw.i/cF3OdeiM5h5JQqvVCIECFeO',
        'restaurant22@restaurants.com',
        '0377948521'
    ),
    (
        '7b5075bf-c7ce-40a2-af65-bc308a3a06c0',
        'restaurant23',
        '$2y$10$rDcdwXRIWUMUGHI/YnE.m.mifyw.i/cF3OdeiM5h5JQqvVCIECFeO',
        'restaurant23@restaurants.com',
        '0377948522'
    ),
    (
        'fd5af736-f76c-4fde-8ae1-ac257df69650',
        'restaurant24',
        '$2y$10$rDcdwXRIWUMUGHI/YnE.m.mifyw.i/cF3OdeiM5h5JQqvVCIECFeO',
        'restaurant24@restaurants.com',
        '0377948523'
    ),
    (
        '42475386-58d8-4fc1-af9c-89538acddb0e',
        'restaurant25',
        '$2y$10$rDcdwXRIWUMUGHI/YnE.m.mifyw.i/cF3OdeiM5h5JQqvVCIECFeO',
        'restaurant25@restaurants.com',
        '0377948524'
    );

-- STEP 2: Gán RESTAURANT role cho users
insert into user_roles (user_id, role_name)
values
    ('678a8f67-686a-415a-a99f-96db2cf114af', 'RESTAURANT'),
    ('d440bf86-a9ca-44d3-b83b-f1369683fa8c', 'RESTAURANT'),
    ('ae83d1d4-bbb1-41d8-9001-de4ce70ada91', 'RESTAURANT'),
    ('5848645a-61de-4778-89a5-f67790dfc382', 'RESTAURANT'),
    ('e0d3636f-1732-4d23-8a5f-4f3fc954e7d6', 'RESTAURANT'),
    ('7870e451-da2d-404b-b7ed-16d592eb524c', 'RESTAURANT'),
    ('b7adecf8-27d2-46f0-a1c7-d37b2b3c4f7e', 'RESTAURANT'),
    ('7b8c5548-421e-4a99-a67c-376624628753', 'RESTAURANT'),
    ('4254b5ab-4c03-4b86-a223-c4136718b540', 'RESTAURANT'),
    ('a740594d-ddc9-45e8-b5bf-9990b59e6483', 'RESTAURANT'),
    ('c4979736-f0d0-45ec-a610-61429ec685cf', 'RESTAURANT'),
    ('b807e51b-11a5-4790-8119-e8a61b1978fd', 'RESTAURANT'),
    ('bd25805c-1763-4c3d-85bd-5566ae4b0274', 'RESTAURANT'),
    ('62791ad3-4c4d-4a98-803f-9ae4d91d9e8f', 'RESTAURANT'),
    ('89e502fe-9575-4c8e-b9c6-834f6b3556af', 'RESTAURANT'),
    ('177c396f-b72a-44af-86e6-0ad877525c0d', 'RESTAURANT'),
    ('00ab012f-2d32-498d-aec1-c01dd5d91f6c', 'RESTAURANT'),
    ('48ddb17d-3cfc-4260-9c4a-1dfaba2d95e5', 'RESTAURANT'),
    ('49baebf4-31cc-4ff0-8109-f0d6abce3be6', 'RESTAURANT'),
    ('ee88b6b8-d577-418a-a67f-314f7d50ca6c', 'RESTAURANT'),
    ('94143d11-de36-44d0-b844-3f8aa6a4a649', 'RESTAURANT'),
    ('822e6db8-4f23-4504-991f-f4c1b2a98597', 'RESTAURANT'),
    ('7b5075bf-c7ce-40a2-af65-bc308a3a06c0', 'RESTAURANT'),
    ('fd5af736-f76c-4fde-8ae1-ac257df69650', 'RESTAURANT'),
    ('42475386-58d8-4fc1-af9c-89538acddb0e', 'RESTAURANT');

-- STEP 3: Tạo nhà hàng
insert into restaurants (user_id, restaurant_name, address, latitude, longitude, location, banner_id, license_id, is_approved)
values
('678a8f67-686a-415a-a99f-96db2cf114af',
'Thành Đạt - Hủ Tiếu Nam Vang - 22C Nguyễn Hữu Cầu',
'22C Nguyễn Hữu Cầu, P. Tân Định, Quận 1, TP. HCM',
10.880251, 106.562016,
ST_SRID(POINT(106.562016, 10.880251), 4326),
'bigfood/images/banners/ot5onydpfppuqahfckbf', 'bigfood/images/lisense/y1ukrdeq0ohtxhlxpfts', true),
('d440bf86-a9ca-44d3-b83b-f1369683fa8c',
'The Pizza Company - Bàu Cát',
'207-209 Bàu Cát, P. 13, Tân Bình, TP. HCM',
10.585273, 106.745422,
ST_SRID(POINT(106.745422, 10.585273), 4326),
'bigfood/images/banners/giaadj26v2nciobayi3y', 'bigfood/images/lisense/y1ukrdeq0ohtxhlxpfts', true),
('ae83d1d4-bbb1-41d8-9001-de4ce70ada91',
'Ai-CHA - Phan Xích Long',
'228 Phan Xích Long, P. 7, Phú Nhuận, TP. HCM',
10.575119, 106.98646,
ST_SRID(POINT(106.98646, 10.575119), 4326),
'bigfood/images/banners/rvdmmuq8yiessrwzpwjm', 'bigfood/images/lisense/y1ukrdeq0ohtxhlxpfts', true),
('5848645a-61de-4778-89a5-f67790dfc382',
'Chân Gà Sốt Thái & Gỏi Bạch Tuộc - Bùi Đình Tuý',
'304/61 Bùi Đình Tuý, P. 12, Bình Thạnh, TP. HCM',
10.931913, 106.879588,
ST_SRID(POINT(106.879588, 10.931913), 4326),
'bigfood/images/banners/pednhlnbmbhwhl5oifyi', 'bigfood/images/lisense/y1ukrdeq0ohtxhlxpfts', true),
('e0d3636f-1732-4d23-8a5f-4f3fc954e7d6',
'Cháo Sườn Phong - Cháo Sườn - Cách Mạng Tháng 8',
'1054/15/1 Cách Mạng Tháng 8, P. 4, Tân Bình, TP. HCM',
10.685203, 106.533212,
ST_SRID(POINT(106.533212, 10.685203), 4326),
'bigfood/images/banners/kvjvuwhnenp6jeven8bv', 'bigfood/images/lisense/y1ukrdeq0ohtxhlxpfts', true),
('7870e451-da2d-404b-b7ed-16d592eb524c',
'Cháo Ếch Singapore 1992 - Cháo Ếch - Cách Mạng Tháng 8',
'1054/15/1A Cách Mạng Tháng 8, P. 4, Tân Bình, TP. HCM',
10.785831, 106.990027,
ST_SRID(POINT(106.990027, 10.785831), 4326),
'bigfood/images/banners/qmvubae7h54bp3wubhvp', 'bigfood/images/lisense/y1ukrdeq0ohtxhlxpfts', true),
('b7adecf8-27d2-46f0-a1c7-d37b2b3c4f7e',
'Bánh Bao Thúy Đỗ - Bánh Bao Xá Xíu Phô Mai - 173 Nguyễn Thiện Thuật',
'173 Nguyễn Thiện Thuật, P. 1, Quận 3, TP. HCM',
10.879274, 106.593643,
ST_SRID(POINT(106.593643, 10.879274), 4326),
'bigfood/images/banners/k1noegrqjojcaeevnrdt', 'bigfood/images/lisense/y1ukrdeq0ohtxhlxpfts', true),
('7b8c5548-421e-4a99-a67c-376624628753',
'Cơm Chay Diệu Phương - Nguyễn Gia Trí',
'29/3A Nguyễn Gia Trí, P. 25, Bình Thạnh, TP. HCM',
10.587289, 106.537517,
ST_SRID(POINT(106.537517, 10.587289), 4326),
'bigfood/images/banners/zah0jf6otxguch15gkyn', 'bigfood/images/lisense/y1ukrdeq0ohtxhlxpfts', true),
('4254b5ab-4c03-4b86-a223-c4136718b540',
'Bún Bò - Phở - Bò Kho Kim Oanh',
'6 Lâm Văn Bền, P. Tân Kiểng, Quận 7, TP. HCM',
10.561844, 106.591437,
ST_SRID(POINT(106.591437, 10.561844), 4326),
'bigfood/images/banners/wzzmcclxbcdgs76mwn4c', 'bigfood/images/lisense/y1ukrdeq0ohtxhlxpfts', true),
('a740594d-ddc9-45e8-b5bf-9990b59e6483',
'Chị Lan - Bắp Xào & Hột Vịt Lộn - Nguyễn Văn Công',
'73 Nguyễn Văn Công, P. 3, Gò Vấp, TP. HCM',
10.534289, 106.983433,
ST_SRID(POINT(106.983433, 10.534289), 4326),
'bigfood/images/banners/vnm289jeyl1iyy8ir5i8', 'bigfood/images/lisense/y1ukrdeq0ohtxhlxpfts', true),
('c4979736-f0d0-45ec-a610-61429ec685cf',
'KAI Coffee - Đường Số 07',
'115 Đường Số 07, P. Bình Trị Đông B, Bình Tân, TP. HCM',
10.856543, 106.558334,
ST_SRID(POINT(106.558334, 10.856543), 4326),
'bigfood/images/banners/kq7bkuvoiimsglmedtfx', 'bigfood/images/lisense/y1ukrdeq0ohtxhlxpfts', true),
('b807e51b-11a5-4790-8119-e8a61b1978fd',
'Cơm Gà, Cháo Gỏi & Miến Gà Đất Quảng Quán - Bùi Đình Tuý',
'16 Bùi Đình Túy, P. 25, Bình Thạnh, TP. HCM',
10.841629, 106.744497,
ST_SRID(POINT(106.744497, 10.841629), 4326),
'bigfood/images/banners/kur3mwgaiclonizfz7lg', 'bigfood/images/lisense/y1ukrdeq0ohtxhlxpfts', true),
('bd25805c-1763-4c3d-85bd-5566ae4b0274',
'Matcha Vibe - Tiệm Trà Nhật Bản - Cách Mạng Tháng 8, TP HCM',
'283/65 Cách Mạng Tháng 8, P. 12, Quận 10, TP. HCM',
10.515102, 106.806658,
ST_SRID(POINT(106.806658, 10.515102), 4326),
'bigfood/images/banners/jlejf3071rvucf7cj2wx', 'bigfood/images/lisense/y1ukrdeq0ohtxhlxpfts', true),
('62791ad3-4c4d-4a98-803f-9ae4d91d9e8f',
'Núp Tea & Coffee - Bến Vân Đồn',
'150/27 Bến Vân Đồn, P.6, Quận 4, TP. HCM',
10.585691, 106.658668,
ST_SRID(POINT(106.658668, 10.585691), 4326),
'bigfood/images/banners/ke4dihlfhzlzpgq6v9rb', 'bigfood/images/lisense/y1ukrdeq0ohtxhlxpfts', true),
('89e502fe-9575-4c8e-b9c6-834f6b3556af',
'33MAMA - Pizza & Gà Rán - Ấp Đình',
'2/107 Ấp Đình, Xã Tân Xuân, Hóc Môn, TP. HCM',
10.630876, 106.58525,
ST_SRID(POINT(106.58525, 10.630876), 4326),
'bigfood/images/banners/c4vszvzifbdimirk96tr', 'bigfood/images/lisense/y1ukrdeq0ohtxhlxpfts', true),
('177c396f-b72a-44af-86e6-0ad877525c0d',
'Tensho - Cơm Obento - Tân Khai',
'24 Tân Khai, P. 4, Tân Bình, TP. HCM',
10.683052, 106.864648,
ST_SRID(POINT(106.864648, 10.683052), 4326),
'bigfood/images/banners/rerpagcjdsyzue6hutzy', 'bigfood/images/lisense/y1ukrdeq0ohtxhlxpfts', true),
('00ab012f-2d32-498d-aec1-c01dd5d91f6c',
'Phê La - Trà & Cà Phê Đặc Sản - Trần Hưng Đạo',
'994 Đường Trần Hưng Đạo, P. 7, Quận 5, TP. HCM',
10.572391, 106.988812,
ST_SRID(POINT(106.988812, 10.572391), 4326),
'bigfood/images/banners/blfa9zycb0lclidpzfcj', 'bigfood/images/lisense/y1ukrdeq0ohtxhlxpfts', true),
('48ddb17d-3cfc-4260-9c4a-1dfaba2d95e5',
'Xôi Chiên Trần Hữu Trang - Đường số 8',
'29/12/40 Đường số 8, P. Bình Hưng Hòa A, Bình Tân, TP. HCM',
10.605556, 106.684994,
ST_SRID(POINT(106.684994, 10.605556), 4326),
'bigfood/images/banners/ttqeo8bm5na9ep70jw5h', 'bigfood/images/lisense/y1ukrdeq0ohtxhlxpfts', true),
('49baebf4-31cc-4ff0-8109-f0d6abce3be6',
'Cơm Tấm Ba Ghiền Không Chi Nhánh - 84 Đặng Văn Ngữ',
'84 Đặng Văn Ngữ, P. 10, Phú Nhuận, TP. HCM',
10.633345, 106.602327,
ST_SRID(POINT(106.602327, 10.633345), 4326),
'bigfood/images/banners/t7dstyairalripp8cxlz', 'bigfood/images/lisense/y1ukrdeq0ohtxhlxpfts', true),
('ee88b6b8-d577-418a-a67f-314f7d50ca6c',
'Don Chicken - Nhà Hàng Gà Nướng Hàn Quốc - Vinhome Central Park',
'Park 4 Sh01 720A, Đường Điện Biên Phủ, Vinhomes Tân Cảng, Bình Thạnh, TP. HCM',
10.728965, 106.757408,
ST_SRID(POINT(106.757408, 10.728965), 4326),
'bigfood/images/banners/ga1g4pxmclhfn8hw9bna', 'bigfood/images/lisense/y1ukrdeq0ohtxhlxpfts', true),
('94143d11-de36-44d0-b844-3f8aa6a4a649',
'Halo Bakery - Kebab, Bánh Kem & Trà Sữa',
'143a Tôn Đản, P. 14, Quận 4, TP. HCM',
10.532666, 106.561879,
ST_SRID(POINT(106.561879, 10.532666), 4326),
'bigfood/images/banners/h2otnmbwuyvjlo47vz6a', 'bigfood/images/lisense/y1ukrdeq0ohtxhlxpfts', true),
('822e6db8-4f23-4504-991f-f4c1b2a98597',
'Canh Bún & Bánh Đa - Chợ Trần Hữu Trang',
'84/18 Trần Hữu Trang, P. 10, Phú Nhuận, TP. HCM',
10.583961, 106.927549,
ST_SRID(POINT(106.927549, 10.583961), 4326),
'bigfood/images/banners/swaeedsddsrwvy1pllil', 'bigfood/images/lisense/y1ukrdeq0ohtxhlxpfts', true),
('7b5075bf-c7ce-40a2-af65-bc308a3a06c0',
'Cơm Gà Chị Tư - Hoàng Diệu',
'L6 Hoàng Diệu, P. 6, Quận 4, TP. HCM',
10.734737, 106.971047,
ST_SRID(POINT(106.971047, 10.734737), 4326),
'bigfood/images/banners/de6x9fmfbidfcg5x6m1o', 'bigfood/images/lisense/y1ukrdeq0ohtxhlxpfts', true),
('fd5af736-f76c-4fde-8ae1-ac257df69650',
'Mì Quăn - Quăng Tận Nơi',
'221 Tôn Thất Hiệp, Quận 11, TP. HCM',
10.660629, 106.84046,
ST_SRID(POINT(106.84046, 10.660629), 4326),
'bigfood/images/banners/bjcql29sx7hg2yk2stsx', 'bigfood/images/lisense/y1ukrdeq0ohtxhlxpfts', true),
('42475386-58d8-4fc1-af9c-89538acddb0e',
'Bánh Mì Thịt Nướng Dòn Dòn, Bánh Mì Chả Cá & Sữa Bắp - 5 Lưu Đình Lễ',
'5 Lưu Đình Lễ, P. An Khánh, Thành Phố Thủ Đức, TP. HCM',
10.888682, 106.971926,
ST_SRID(POINT(106.971926, 10.888682), 4326),
'bigfood/images/banners/d6k8ggifx2fqe6x2f52y', 'bigfood/images/lisense/y1ukrdeq0ohtxhlxpfts', true);

-- STEP 4: Gán categories cho nhà hàng
insert into restaurant_has_categories (restaurant_id, restaurant_category_id)
values
('678a8f67-686a-415a-a99f-96db2cf114af', '5550696f-8601-42b2-91b8-a11b601e32d3'),
('d440bf86-a9ca-44d3-b83b-f1369683fa8c', '83ce45d0-159e-46f2-a9ec-bbe4653232b8'),
('ae83d1d4-bbb1-41d8-9001-de4ce70ada91', '0d15f7c8-9345-47c0-856e-5aa8d71dc753'),
('5848645a-61de-4778-89a5-f67790dfc382', '5550696f-8601-42b2-91b8-a11b601e32d3'),
('e0d3636f-1732-4d23-8a5f-4f3fc954e7d6', '5550696f-8601-42b2-91b8-a11b601e32d3'),
('7870e451-da2d-404b-b7ed-16d592eb524c', '5550696f-8601-42b2-91b8-a11b601e32d3'),
('b7adecf8-27d2-46f0-a1c7-d37b2b3c4f7e', '5550696f-8601-42b2-91b8-a11b601e32d3'),
('7b8c5548-421e-4a99-a67c-376624628753', '5550696f-8601-42b2-91b8-a11b601e32d3'),
('4254b5ab-4c03-4b86-a223-c4136718b540', '5550696f-8601-42b2-91b8-a11b601e32d3'),
('a740594d-ddc9-45e8-b5bf-9990b59e6483', '5550696f-8601-42b2-91b8-a11b601e32d3'),
('c4979736-f0d0-45ec-a610-61429ec685cf', '0d15f7c8-9345-47c0-856e-5aa8d71dc753'),
('b807e51b-11a5-4790-8119-e8a61b1978fd', '5550696f-8601-42b2-91b8-a11b601e32d3'),
('bd25805c-1763-4c3d-85bd-5566ae4b0274', '0d15f7c8-9345-47c0-856e-5aa8d71dc753'),
('62791ad3-4c4d-4a98-803f-9ae4d91d9e8f', '0d15f7c8-9345-47c0-856e-5aa8d71dc753'),
('89e502fe-9575-4c8e-b9c6-834f6b3556af', '83ce45d0-159e-46f2-a9ec-bbe4653232b8'),
('177c396f-b72a-44af-86e6-0ad877525c0d', '5550696f-8601-42b2-91b8-a11b601e32d3'),
('00ab012f-2d32-498d-aec1-c01dd5d91f6c', '0d15f7c8-9345-47c0-856e-5aa8d71dc753'),
('48ddb17d-3cfc-4260-9c4a-1dfaba2d95e5', '5550696f-8601-42b2-91b8-a11b601e32d3'),
('49baebf4-31cc-4ff0-8109-f0d6abce3be6', '5550696f-8601-42b2-91b8-a11b601e32d3'),
('ee88b6b8-d577-418a-a67f-314f7d50ca6c', '5550696f-8601-42b2-91b8-a11b601e32d3'),
('94143d11-de36-44d0-b844-3f8aa6a4a649', '0d15f7c8-9345-47c0-856e-5aa8d71dc753'),
('822e6db8-4f23-4504-991f-f4c1b2a98597', '5550696f-8601-42b2-91b8-a11b601e32d3'),
('7b5075bf-c7ce-40a2-af65-bc308a3a06c0', '5550696f-8601-42b2-91b8-a11b601e32d3'),
('fd5af736-f76c-4fde-8ae1-ac257df69650', '5550696f-8601-42b2-91b8-a11b601e32d3'),
('42475386-58d8-4fc1-af9c-89538acddb0e', '5550696f-8601-42b2-91b8-a11b601e32d3');

-- STEP 5: Tạo food categories
insert into food_categories (id, name, icon_index, is_deleted, restaurant_id)
values
('55a3bc9e-f6f5-450a-aec2-1419c2bf1c3d', '⭐ HỦ TIẾU NAM VANG THÀNH ĐẠT - BEST SELLER', 1, false, '678a8f67-686a-415a-a99f-96db2cf114af'),
('15687bc8-4064-4e98-a11b-9bdc5e7b8ab8', '❤️ COMBO HOT', 2, false, '678a8f67-686a-415a-a99f-96db2cf114af'),
('3ba40609-3262-494c-9080-fc4d67ce47d8', 'ƯU ĐÃI ĐỘC QUYỀN - MUA 1 TẶNG 1', 3, false, 'd440bf86-a9ca-44d3-b83b-f1369683fa8c'),
('eccd93be-1339-4293-86a0-9bc4f98c869e', 'PIZZA ĐẶC SẢN - VỊ LÀNH TỪ MIỀN HẠNH PHÚC', 4, false, 'd440bf86-a9ca-44d3-b83b-f1369683fa8c'),
('51491a74-0c1e-4a66-a2e4-f08470a92bd4', 'PIZZA DI SẢN', 5, false, 'd440bf86-a9ca-44d3-b83b-f1369683fa8c'),
('06d46afb-5d4a-4f0a-9ce6-0051b51dfce2', 'ƯU ĐÃI COMBO', 6, false, 'd440bf86-a9ca-44d3-b83b-f1369683fa8c'),
('82b9beb0-5f6c-4ef0-a3fe-87e89dcef6a2', 'TRÀ SẢ TƯƠI MÁT', 7, false, 'ae83d1d4-bbb1-41d8-9001-de4ce70ada91'),
('fb574244-9e97-432a-97a0-bedb1cfdaf9a', 'MATCHA SERIES - MOOD ON (MÓN MỚI)', 8, false, 'ae83d1d4-bbb1-41d8-9001-de4ce70ada91'),
('8e01700c-7f33-4098-ab08-561d73e56bc1', 'THU ĐÀO', 9, false, 'ae83d1d4-bbb1-41d8-9001-de4ce70ada91'),
('a20b75bd-1c03-44a6-8ee1-2e0ffb9ed764', 'ƯU ĐÃI', 10, false, '5848645a-61de-4778-89a5-f67790dfc382'),
('c7b1b24c-1fcb-4787-b1d2-750a791522d7', '❤️SỨA', 11, false, '5848645a-61de-4778-89a5-f67790dfc382'),
('3269226a-77df-489f-9aca-b20c3b68cdbf', 'CHÁO SƯỜN', 12, false, 'e0d3636f-1732-4d23-8a5f-4f3fc954e7d6'),
('8bb0196f-e0c6-4301-8f61-3273861a8ed4', 'CHÁO SƯỜN', 13, false, 'e0d3636f-1732-4d23-8a5f-4f3fc954e7d6'),
('d3a49697-bdf7-482a-b9cd-7f0495ca7c37', 'CHÁO TRẮNG TRỨNG MUỐI', 14, false, 'e0d3636f-1732-4d23-8a5f-4f3fc954e7d6'),
('3a127ad5-3305-4513-b3c9-080a44765393', 'CHÁO ẾCH SINGAPORE', 15, false, '7870e451-da2d-404b-b7ed-16d592eb524c'),
('fff61013-6870-475c-95f6-1245cd6fa6f5', 'ẾCH KHO', 16, false, '7870e451-da2d-404b-b7ed-16d592eb524c'),
('92cb3753-622b-4d6b-9fd2-cd1afeba7045', 'COMBO 1 NGƯỜI', 17, false, 'b7adecf8-27d2-46f0-a1c7-d37b2b3c4f7e'),
('3d0befac-fc7f-4bad-84c7-94a3ea617127', 'COMBO GIA ĐÌNH (KHÁCH TỰ HẤP NÓNG)', 18, false, 'b7adecf8-27d2-46f0-a1c7-d37b2b3c4f7e'),
('23d71fe2-6e1f-4195-aa2d-e5a0e1a5ab0a', 'BÁNH BAO BÁN LẺ THEO CHIẾC (TIỆM HẤP NÓNG SẴN)', 19, false, 'b7adecf8-27d2-46f0-a1c7-d37b2b3c4f7e'),
('d23fe3ef-dd5d-469d-9c54-f69b779ee357', 'MÓN CƠM', 20, false, '7b8c5548-421e-4a99-a67c-376624628753'),
('54c6f8d7-7a55-4d7d-9a34-eaf882b59fc3', 'MENU PHỞ', 21, false, '4254b5ab-4c03-4b86-a223-c4136718b540'),
('6e023339-97cc-4a40-a10a-ccc09a24f352', 'MÁ HEO CHIM CÚT VÀ CHÂN GÀ', 22, false, 'a740594d-ddc9-45e8-b5bf-9990b59e6483'),
('0f22cfa5-e483-46a4-852d-07a675b3818b', 'COFFEE - ESPRESSO', 23, false, 'c4979736-f0d0-45ec-a610-61429ec685cf'),
('b01f2ea3-fedd-490a-8567-e36694549952', 'TEA', 24, false, 'c4979736-f0d0-45ec-a610-61429ec685cf'),
('772af56f-c766-493b-8213-d7a7382cc751', 'PEPSI GIẢM 20K - MÓN NGON MỖI MIỀN', 25, false, 'b807e51b-11a5-4790-8119-e8a61b1978fd'),
('dbc9c381-735b-4d91-bc09-bce7c27f227e', 'ĐẤT QUẢNG QUÁN MENU', 26, false, 'b807e51b-11a5-4790-8119-e8a61b1978fd'),
('4bd7ed57-5a8a-486f-8c04-22ff4f6d94a3', 'CRACKED CHOCOLATE VIBE', 27, false, 'bd25805c-1763-4c3d-85bd-5566ae4b0274'),
('428c7401-65fd-4811-bb50-86e5581f9ded', 'HOTLINE QUẢN LÝ CƠ SỞ', 28, false, 'bd25805c-1763-4c3d-85bd-5566ae4b0274'),
('46bc1e83-bf10-4952-9f04-576ffbdec6d7', 'TẶNG 1 PEPSI CHO ĐƠN TỪ 250K', 29, false, '62791ad3-4c4d-4a98-803f-9ae4d91d9e8f'),
('6f26e4d3-bbac-4a83-bf8d-0b6cba6626aa', 'MÓN MỚI', 30, false, '62791ad3-4c4d-4a98-803f-9ae4d91d9e8f'),
('486d4409-2a12-4557-8816-7c9459bc870c', 'LATTE KHOAI MÔN NHÀ NÚP', 31, false, '62791ad3-4c4d-4a98-803f-9ae4d91d9e8f'),
('3d4d07bd-dc1a-4672-abaf-cf2d3ea0d60d', 'HAMBURGER', 32, false, '89e502fe-9575-4c8e-b9c6-834f6b3556af'),
('5fe3afbf-b0fc-42a9-a0f1-14aa86bbed8a', 'CƠM GÀ', 33, false, '89e502fe-9575-4c8e-b9c6-834f6b3556af'),
('f3ae56ce-42ba-41a1-9ca6-b454b67e4097', 'COMBO VỪA ĐỦ APP MÃ GIẢM SÂU', 34, false, '177c396f-b72a-44af-86e6-0ad877525c0d'),
('044f59b0-3d19-4583-860f-f64e48f58cb8', 'CƠM OBENTO CHUẨN NHẬT', 35, false, '177c396f-b72a-44af-86e6-0ad877525c0d'),
('c14849a4-4603-45a8-a7a6-7d98e7c36712', 'CƠM KHAY', 36, false, '177c396f-b72a-44af-86e6-0ad877525c0d'),
('dbb0c8e4-4312-4ab6-98b2-a5894d2e9cea', 'MOKA POT', 37, false, '00ab012f-2d32-498d-aec1-c01dd5d91f6c'),
('fdb3108a-95b4-4ba4-960e-3a3a7326d8fa', 'CÀ PHÊ', 38, false, '00ab012f-2d32-498d-aec1-c01dd5d91f6c'),
('15857e05-1ddf-4dea-a777-076e5511fe39', 'MENU', 39, false, '48ddb17d-3cfc-4260-9c4a-1dfaba2d95e5'),
('633b6d65-7a47-41de-b9f9-23184869a2c9', 'COMBO ĐẠI GIA ĐÌNH', 40, false, '49baebf4-31cc-4ff0-8109-f0d6abce3be6'),
('557882d0-41c9-4b42-8dad-923d5e2c15e4', 'COMBO ƯU ĐÃI', 41, false, '49baebf4-31cc-4ff0-8109-f0d6abce3be6'),
('cb2cbb6e-de33-405d-ab00-395555509e6f', 'ƯU ĐÃI', 42, false, '49baebf4-31cc-4ff0-8109-f0d6abce3be6'),
('3d410dd8-59f5-49ff-bbec-5daa672ab257', 'ĐC', 43, false, '49baebf4-31cc-4ff0-8109-f0d6abce3be6'),
('a6984c07-01e0-43b4-a53e-582b97525152', 'BEST SELLERS', 44, false, 'ee88b6b8-d577-418a-a67f-314f7d50ca6c'),
('f14cf8c8-b00c-45d8-84c8-7eabf9b8726f', 'GÀ NƯỚNG', 45, false, 'ee88b6b8-d577-418a-a67f-314f7d50ca6c'),
('7e863642-b089-4923-b0ea-67e70bbeaad0', 'BÁNH KEM MINI ( TẶNG KÈM PHỤ KIỆN, ĐỒ DÙNG ĂN)', 46, false, '94143d11-de36-44d0-b844-3f8aa6a4a649'),
('993fb1ce-43ca-4766-8923-b9df42294536', 'BÁNH KEM SINH NHẬT ÍT NGỌT ( TẶNG KÈM PHỤ KIỆN )', 47, false, '94143d11-de36-44d0-b844-3f8aa6a4a649'),
('e1c3267a-ef8b-43ae-bc5c-e43a69c6493f', 'BÁNH ĐA', 48, false, '822e6db8-4f23-4504-991f-f4c1b2a98597'),
('51a6b63d-b81b-429f-a657-6b308c7212a5', 'MÓN THÊM', 49, false, '822e6db8-4f23-4504-991f-f4c1b2a98597'),
('7a995e5e-282d-4ec2-a787-ebd612985069', 'COMBO CƠM GÀ CHỊ TƯ / CHICKEN RICE COMBO', 50, false, '7b5075bf-c7ce-40a2-af65-bc308a3a06c0'),
('11bb0e39-08ee-4203-80d5-91c5465cce38', 'PHỞ TRỘN TAM SẮC', 51, false, '7b5075bf-c7ce-40a2-af65-bc308a3a06c0'),
('f1b6c762-0dc5-412d-a134-19f2c5d92879', 'EAT CLEAN', 52, false, '7b5075bf-c7ce-40a2-af65-bc308a3a06c0'),
('16622dd2-e3eb-410d-9dee-bb82a2bd488c', 'GIẢM THÊM 25K - ĐÃÃ QUÁ PEPSI ƠI!', 53, false, 'fd5af736-f76c-4fde-8ae1-ac257df69650'),
('378af614-20fa-4d24-aac7-b823f80bc64e', 'MÌ TẠI QUÁN', 54, false, 'fd5af736-f76c-4fde-8ae1-ac257df69650'),
('c460f279-2734-42b3-aa09-68ba41b66f72', 'MÌ GÓI TÓP MỠ NGON NHẮM', 55, false, 'fd5af736-f76c-4fde-8ae1-ac257df69650'),
('02c2407f-1457-4802-9b8d-a4880cb0fb5e', 'MÌ QUĂN', 56, false, 'fd5af736-f76c-4fde-8ae1-ac257df69650'),
('b48b400f-b95c-4b29-979f-78426305eed6', 'COMBO CHUNG ĐÔI', 57, false, '42475386-58d8-4fc1-af9c-89538acddb0e'),
('67740ef8-9605-4167-9b34-6323e6b512f7', 'MÓN TỦ DÒN DÒN', 58, false, '42475386-58d8-4fc1-af9c-89538acddb0e');

-- STEP 6: Tạo foods
insert into foods (id, name, description, image_id, sold, is_deleted, is_available, food_category_id)
values
('3380cf83-c61f-4693-b4d8-2f6cee094824', 'Hủ Tiếu Nam Vang Thành Đạt (Khô)', 'Món ăn ngon, tươi, hấp dẫn', 'bigfood/images/foods/o8ha9yhkjsnhvorlgtcg', 0, false, true, '55a3bc9e-f6f5-450a-aec2-1419c2bf1c3d'),
('8873b05d-9360-4e15-a1a6-0eedddfb9a54', 'Hủ Tiếu Nam Vang Thành Đạt (Nước)', 'Món ăn ngon, tươi, hấp dẫn', 'bigfood/images/foods/gwinm8jp5uyvnn44vcqv', 0, false, true, '55a3bc9e-f6f5-450a-aec2-1419c2bf1c3d'),
('efc6c7f0-62ed-4132-93bd-bdc2aebce081', '01 Hủ Tiếu Nam Vang Thập Cẩm + 01 Hủ Tiếu Nam Vang Lấy Xương', 'Món ăn ngon, tươi, hấp dẫn', 'bigfood/images/foods/akgapev9ihzqkaehr1f2', 0, false, true, '55a3bc9e-f6f5-450a-aec2-1419c2bf1c3d'),
('9dbbdfa8-a369-49f1-a325-2cdf4514deed', 'COMBO Hủ Tiếu Nam Vang + Nước Tự Chọn', 'Món ăn ngon, tươi, hấp dẫn', 'bigfood/images/foods/qgtw1jyunjqs9vygucff', 0, false, true, '55a3bc9e-f6f5-450a-aec2-1419c2bf1c3d'),
('77751220-094b-491c-a17f-6d55b6c4aeb9', 'COMBO: 02 Hủ Tiếu Nam Vang + 02 Sâm Lạnh', 'Món ăn ngon, tươi, hấp dẫn', 'bigfood/images/foods/xvf8f5nkem7utt1i2pdi', 0, false, true, '55a3bc9e-f6f5-450a-aec2-1419c2bf1c3d'),
('7f11af15-d344-4a9b-af47-aed81ce91404', 'Hủ Tiếu Nam Vang Thành Đạt (Khô)', 'Món ăn ngon, tươi, hấp dẫn', 'bigfood/images/foods/o8ha9yhkjsnhvorlgtcg', 0, false, true, '15687bc8-4064-4e98-a11b-9bdc5e7b8ab8'),
('f8da46e5-c6ed-446d-811b-3fabff71cdf7', 'Hủ Tiếu Nam Vang Thành Đạt (Nước)', 'Món ăn ngon, tươi, hấp dẫn', 'bigfood/images/foods/gwinm8jp5uyvnn44vcqv', 0, false, true, '15687bc8-4064-4e98-a11b-9bdc5e7b8ab8'),
('adb13daf-f277-40b0-bf24-42dde01ff691', '01 Hủ Tiếu Nam Vang Thập Cẩm + 01 Hủ Tiếu Nam Vang Lấy Xương', 'Món ăn ngon, tươi, hấp dẫn', 'bigfood/images/foods/akgapev9ihzqkaehr1f2', 0, false, true, '15687bc8-4064-4e98-a11b-9bdc5e7b8ab8'),
('41f8ce0a-86ef-46c7-ac1d-6ba2ecfa34d6', 'COMBO Hủ Tiếu Nam Vang + Nước Tự Chọn', 'Món ăn ngon, tươi, hấp dẫn', 'bigfood/images/foods/qgtw1jyunjqs9vygucff', 0, false, true, '15687bc8-4064-4e98-a11b-9bdc5e7b8ab8'),
('add591cc-9244-449c-b3d4-e04d64f5db68', 'COMBO: 02 Hủ Tiếu Nam Vang + 02 Sâm Lạnh', 'Món ăn ngon, tươi, hấp dẫn', 'bigfood/images/foods/xvf8f5nkem7utt1i2pdi', 0, false, true, '15687bc8-4064-4e98-a11b-9bdc5e7b8ab8'),
('80cebf83-8079-4411-bc33-ee11cc0147ae', 'COMBO PIZZA MUA 1 TẶNG 1', 'Pizza nóng vừa ra lò, cheese phô mai stretchy, topping tươi ngon', 'bigfood/images/foods/rzs08ueirylamqpiewrn', 0, false, true, '3ba40609-3262-494c-9080-fc4d67ce47d8'),
('2d8fc1b9-7c93-4394-8d6a-90cc51882d3f', 'Combo Mua 2 Tặng 3', 'Món ăn ngon, tươi, hấp dẫn', 'bigfood/images/foods/gj9s6a2ises6nqi6lqly', 0, false, true, '3ba40609-3262-494c-9080-fc4d67ce47d8'),
('4796c8ea-2d2b-468e-a3a8-3f1059acdad5', 'Combo Mua 1 Tặng 1', 'Món ăn ngon, tươi, hấp dẫn', 'bigfood/images/foods/onvnkiopgkpw3jnvppo2', 0, false, true, '3ba40609-3262-494c-9080-fc4d67ce47d8'),
('313b7ece-c947-43ac-bf09-398e0a220faa', 'Combo Nhóm 4', 'Món ăn ngon, tươi, hấp dẫn', 'bigfood/images/foods/nao9gmxvonxbqe0nukzw', 0, false, true, '3ba40609-3262-494c-9080-fc4d67ce47d8'),
('fd004211-ce39-4b9b-b038-29794cffbbe1', 'COMBO PIZZA MUA 1 TẶNG 1', 'Pizza nóng vừa ra lò, cheese phô mai stretchy, topping tươi ngon', 'bigfood/images/foods/rzs08ueirylamqpiewrn', 0, false, true, '3ba40609-3262-494c-9080-fc4d67ce47d8'),
('ad5b2fd8-b882-4b89-8be2-e72d0f344884', 'COMBO PIZZA MUA 1 TẶNG 1', 'Pizza nóng vừa ra lò, cheese phô mai stretchy, topping tươi ngon', 'bigfood/images/foods/rzs08ueirylamqpiewrn', 0, false, true, 'eccd93be-1339-4293-86a0-9bc4f98c869e'),
('7afe380e-6eb8-46b1-a86c-4bd07cc1125c', 'Combo Mua 2 Tặng 3', 'Món ăn ngon, tươi, hấp dẫn', 'bigfood/images/foods/gj9s6a2ises6nqi6lqly', 0, false, true, 'eccd93be-1339-4293-86a0-9bc4f98c869e'),
('387f685c-3581-4b4e-9005-c9479425a739', 'Combo Mua 1 Tặng 1', 'Món ăn ngon, tươi, hấp dẫn', 'bigfood/images/foods/onvnkiopgkpw3jnvppo2', 0, false, true, 'eccd93be-1339-4293-86a0-9bc4f98c869e'),
('35f2b06c-62ac-4c59-a664-2df6be17e6a1', 'Combo Nhóm 4', 'Món ăn ngon, tươi, hấp dẫn', 'bigfood/images/foods/nao9gmxvonxbqe0nukzw', 0, false, true, 'eccd93be-1339-4293-86a0-9bc4f98c869e'),
('5aa4c744-4e1b-45e8-8dad-053913e2db3d', 'COMBO PIZZA MUA 1 TẶNG 1', 'Pizza nóng vừa ra lò, cheese phô mai stretchy, topping tươi ngon', 'bigfood/images/foods/rzs08ueirylamqpiewrn', 0, false, true, 'eccd93be-1339-4293-86a0-9bc4f98c869e'),
('68f3d58e-064f-47aa-94ab-5cf48829da50', 'COMBO PIZZA MUA 1 TẶNG 1', 'Pizza nóng vừa ra lò, cheese phô mai stretchy, topping tươi ngon', 'bigfood/images/foods/rzs08ueirylamqpiewrn', 0, false, true, '51491a74-0c1e-4a66-a2e4-f08470a92bd4'),
('d1f8a31c-37cf-4d5a-9e51-aae2b23fbd2e', 'Combo Mua 2 Tặng 3', 'Món ăn ngon, tươi, hấp dẫn', 'bigfood/images/foods/gj9s6a2ises6nqi6lqly', 0, false, true, '51491a74-0c1e-4a66-a2e4-f08470a92bd4'),
('e52d0186-f1ea-4f45-897d-84e1ec1ea70a', 'Combo Mua 1 Tặng 1', 'Món ăn ngon, tươi, hấp dẫn', 'bigfood/images/foods/onvnkiopgkpw3jnvppo2', 0, false, true, '51491a74-0c1e-4a66-a2e4-f08470a92bd4'),
('c44a0da1-e057-4f55-bc42-6257d35a272a', 'Combo Nhóm 4', 'Món ăn ngon, tươi, hấp dẫn', 'bigfood/images/foods/nao9gmxvonxbqe0nukzw', 0, false, true, '51491a74-0c1e-4a66-a2e4-f08470a92bd4'),
('95158fc5-c160-4cb3-b8fe-d3f35b47d66f', 'COMBO PIZZA MUA 1 TẶNG 1', 'Pizza nóng vừa ra lò, cheese phô mai stretchy, topping tươi ngon', 'bigfood/images/foods/rzs08ueirylamqpiewrn', 0, false, true, '51491a74-0c1e-4a66-a2e4-f08470a92bd4'),
('73ffa29c-2f0b-42db-9d1d-29e1e368f4d9', 'COMBO PIZZA MUA 1 TẶNG 1', 'Pizza nóng vừa ra lò, cheese phô mai stretchy, topping tươi ngon', 'bigfood/images/foods/rzs08ueirylamqpiewrn', 0, false, true, '06d46afb-5d4a-4f0a-9ce6-0051b51dfce2'),
('ebe22061-f9d0-4021-8e76-3ce2fcb73e13', 'Combo Mua 2 Tặng 3', 'Món ăn ngon, tươi, hấp dẫn', 'bigfood/images/foods/gj9s6a2ises6nqi6lqly', 0, false, true, '06d46afb-5d4a-4f0a-9ce6-0051b51dfce2'),
('0db614aa-7519-4f28-b3a3-793a772761f5', 'Combo Mua 1 Tặng 1', 'Món ăn ngon, tươi, hấp dẫn', 'bigfood/images/foods/onvnkiopgkpw3jnvppo2', 0, false, true, '06d46afb-5d4a-4f0a-9ce6-0051b51dfce2'),
('632762dc-e356-4db3-a44a-2f7d3aa98b14', 'Combo Nhóm 4', 'Món ăn ngon, tươi, hấp dẫn', 'bigfood/images/foods/nao9gmxvonxbqe0nukzw', 0, false, true, '06d46afb-5d4a-4f0a-9ce6-0051b51dfce2'),
('e2417a94-7a58-4629-a9df-f64a62bb3b06', 'COMBO PIZZA MUA 1 TẶNG 1', 'Pizza nóng vừa ra lò, cheese phô mai stretchy, topping tươi ngon', 'bigfood/images/foods/rzs08ueirylamqpiewrn', 0, false, true, '06d46afb-5d4a-4f0a-9ce6-0051b51dfce2'),
('f57ad62f-9757-400c-9794-8f1bf23f22c7', 'Moca Kem Tươi', 'Món ăn ngon, tươi, hấp dẫn', 'bigfood/images/foods/pyetjysds7vvbhpfxb7q', 0, false, true, '82b9beb0-5f6c-4ef0-a3fe-87e89dcef6a2'),
('07a5154b-ff56-4f7c-810c-b207139ca8ce', 'Latte Kem Tươi', 'Món ăn ngon, tươi, hấp dẫn', 'bigfood/images/foods/nelcmyxoyalhosjfsegk', 0, false, true, '82b9beb0-5f6c-4ef0-a3fe-87e89dcef6a2'),
('60249f5d-0f03-4df6-9286-bfb327dfe9f6', 'Cà Phê Kem Tươi', 'Cà phê thơm ngon, chất lượng cao', 'bigfood/images/foods/fwtxt81pnvrrdxwetjo6', 0, false, true, '82b9beb0-5f6c-4ef0-a3fe-87e89dcef6a2'),
('a0758add-73dc-4826-bc90-0ea636aa53c5', 'Cà Phê Kem Smoothies', 'Cà phê thơm ngon, chất lượng cao', 'bigfood/images/foods/f4canzcv1wanu8lbvdcf', 0, false, true, '82b9beb0-5f6c-4ef0-a3fe-87e89dcef6a2'),
('ae0bec40-6154-469b-b260-82f5d0180a92', 'Hồng Trà Chanh Cà Phê', 'Cà phê thơm ngon, chất lượng cao', 'bigfood/images/foods/wdskkpf6yibk47eklnyy', 0, false, true, '82b9beb0-5f6c-4ef0-a3fe-87e89dcef6a2'),
('8c50967d-d32b-4254-a93d-b53cf6fe1cb2', 'Moca Kem Tươi', 'Món ăn ngon, tươi, hấp dẫn', 'bigfood/images/foods/pyetjysds7vvbhpfxb7q', 0, false, true, 'fb574244-9e97-432a-97a0-bedb1cfdaf9a'),
('09b0f834-65a5-47e2-853c-dc562afc1b31', 'Latte Kem Tươi', 'Món ăn ngon, tươi, hấp dẫn', 'bigfood/images/foods/nelcmyxoyalhosjfsegk', 0, false, true, 'fb574244-9e97-432a-97a0-bedb1cfdaf9a'),
('fca15874-3d87-4c80-adfd-473fd4d5d6c7', 'Cà Phê Kem Tươi', 'Cà phê thơm ngon, chất lượng cao', 'bigfood/images/foods/fwtxt81pnvrrdxwetjo6', 0, false, true, 'fb574244-9e97-432a-97a0-bedb1cfdaf9a'),
('4ea20b2d-dc77-4052-8cf9-c66ae28f983a', 'Cà Phê Kem Smoothies', 'Cà phê thơm ngon, chất lượng cao', 'bigfood/images/foods/f4canzcv1wanu8lbvdcf', 0, false, true, 'fb574244-9e97-432a-97a0-bedb1cfdaf9a'),
('17713fd8-05db-480e-9940-f14a0f31993b', 'Hồng Trà Chanh Cà Phê', 'Cà phê thơm ngon, chất lượng cao', 'bigfood/images/foods/wdskkpf6yibk47eklnyy', 0, false, true, 'fb574244-9e97-432a-97a0-bedb1cfdaf9a'),
('e825254d-78f5-4586-a0e1-424a09fe4e0f', 'Moca Kem Tươi', 'Món ăn ngon, tươi, hấp dẫn', 'bigfood/images/foods/pyetjysds7vvbhpfxb7q', 0, false, true, '8e01700c-7f33-4098-ab08-561d73e56bc1'),
('260cbade-173c-4f4c-9452-4700d8aa5676', 'Latte Kem Tươi', 'Món ăn ngon, tươi, hấp dẫn', 'bigfood/images/foods/nelcmyxoyalhosjfsegk', 0, false, true, '8e01700c-7f33-4098-ab08-561d73e56bc1'),
('1ebf71cb-14d8-4345-8f1d-e23de0b70855', 'Cà Phê Kem Tươi', 'Cà phê thơm ngon, chất lượng cao', 'bigfood/images/foods/fwtxt81pnvrrdxwetjo6', 0, false, true, '8e01700c-7f33-4098-ab08-561d73e56bc1'),
('3f51ddc3-c13e-4276-9c6f-cbf8bfa6329a', 'Cà Phê Kem Smoothies', 'Cà phê thơm ngon, chất lượng cao', 'bigfood/images/foods/f4canzcv1wanu8lbvdcf', 0, false, true, '8e01700c-7f33-4098-ab08-561d73e56bc1'),
('31ca9d9b-732e-440c-b963-9b6314c42787', 'Hồng Trà Chanh Cà Phê', 'Cà phê thơm ngon, chất lượng cao', 'bigfood/images/foods/wdskkpf6yibk47eklnyy', 0, false, true, '8e01700c-7f33-4098-ab08-561d73e56bc1'),
('f4fcb084-4331-4fc4-a87c-8999506ba0db', 'Chân Rút Sốt Thái Ko xoài Ko rau 650gr => 700gr', 'Món ăn ngon, tươi, hấp dẫn', 'bigfood/images/foods/uirj8eerngspt5smmksa', 0, false, true, 'a20b75bd-1c03-44a6-8ee1-2e0ffb9ed764'),
('7e293ff4-3e78-4627-abe6-c5c11ff8d86e', 'Combo Chân Rút Sốt Thái Ko xoài Ko rau 650gr => 700gr + Coca ly 1 lít', 'Món ăn ngon, tươi, hấp dẫn', 'bigfood/images/foods/b4pbkv87embe3ydv7cl8', 0, false, true, 'a20b75bd-1c03-44a6-8ee1-2e0ffb9ed764'),
('90305049-5623-42a1-9f85-ae242b1c7efe', 'Coca ly 1 lít', 'Món ăn ngon, tươi, hấp dẫn', 'bigfood/images/foods/knu8jvtlfhpxfeb8nbl3', 0, false, true, 'a20b75bd-1c03-44a6-8ee1-2e0ffb9ed764'),
('0d61026c-00f2-4068-8381-96278bc6e3cf', 'Chân Rút Sốt Thái Ko xoài Ko rau 650gr => 700gr', 'Món ăn ngon, tươi, hấp dẫn', 'bigfood/images/foods/uirj8eerngspt5smmksa', 0, false, true, 'a20b75bd-1c03-44a6-8ee1-2e0ffb9ed764'),
('21fd6286-7d27-4311-a51c-5a842fcbc753', 'Combo Chân Rút Sốt Thái Ko xoài Ko rau 650gr => 700gr + Coca ly 1 lít', 'Món ăn ngon, tươi, hấp dẫn', 'bigfood/images/foods/b4pbkv87embe3ydv7cl8', 0, false, true, 'a20b75bd-1c03-44a6-8ee1-2e0ffb9ed764'),
('acd965e6-0f7c-4d3a-99e4-129294194573', 'Chân Rút Sốt Thái Ko xoài Ko rau 650gr => 700gr', 'Món ăn ngon, tươi, hấp dẫn', 'bigfood/images/foods/uirj8eerngspt5smmksa', 0, false, true, 'c7b1b24c-1fcb-4787-b1d2-750a791522d7'),
('91498929-9fcb-4464-a0c8-ab319cdf1e1e', 'Combo Chân Rút Sốt Thái Ko xoài Ko rau 650gr => 700gr + Coca ly 1 lít', 'Món ăn ngon, tươi, hấp dẫn', 'bigfood/images/foods/b4pbkv87embe3ydv7cl8', 0, false, true, 'c7b1b24c-1fcb-4787-b1d2-750a791522d7'),
('f5e60663-e10a-493a-bcef-309f46d6dd0a', 'Coca ly 1 lít', 'Món ăn ngon, tươi, hấp dẫn', 'bigfood/images/foods/knu8jvtlfhpxfeb8nbl3', 0, false, true, 'c7b1b24c-1fcb-4787-b1d2-750a791522d7'),
('ca3f7804-261b-4f54-8ce1-717bb4425b63', 'Chân Rút Sốt Thái Ko xoài Ko rau 650gr => 700gr', 'Món ăn ngon, tươi, hấp dẫn', 'bigfood/images/foods/uirj8eerngspt5smmksa', 0, false, true, 'c7b1b24c-1fcb-4787-b1d2-750a791522d7'),
('bccae096-bc03-4fab-995d-76dee1b19bbc', 'Combo Chân Rút Sốt Thái Ko xoài Ko rau 650gr => 700gr + Coca ly 1 lít', 'Món ăn ngon, tươi, hấp dẫn', 'bigfood/images/foods/b4pbkv87embe3ydv7cl8', 0, false, true, 'c7b1b24c-1fcb-4787-b1d2-750a791522d7'),
('93f87b95-c65c-416e-bc6f-973553713b00', 'Combo ưu đãi Cháo thịt bằm + Trà tắc', 'Trà thơm ngon, mát lạnh, giải khát tuyệt vời', 'bigfood/images/foods/xmgsdhf5j0xuhgdlxbmd', 0, false, true, '8bb0196f-e0c6-4301-8f61-3273861a8ed4'),
('2198be02-d167-470f-b1a6-bcff0a1deb2b', 'Cháo thịt bằm', 'Cháo nấu mềm, vị ngon, dễ tiêu hóa', 'bigfood/images/foods/evnoqoxurqmzdhbbtkea', 0, false, true, '8bb0196f-e0c6-4301-8f61-3273861a8ed4'),
('e30a9100-5b03-4bae-bfd6-e3114ed2f976', 'Cháo sườn thịt bằm', 'Cháo nấu mềm, vị ngon, dễ tiêu hóa', 'bigfood/images/foods/wi8uktzpsnaatd5jt84m', 0, false, true, '8bb0196f-e0c6-4301-8f61-3273861a8ed4'),
('089c983d-805b-4a99-a8fd-6cbea9cb2ac1', 'Cháo sườn thịt bằm bắc thảo', 'Cháo nấu mềm, vị ngon, dễ tiêu hóa', 'bigfood/images/foods/whhd3bvbkzf3if5uy8fy', 0, false, true, '8bb0196f-e0c6-4301-8f61-3273861a8ed4'),
('c96cfe6c-cdc8-453d-8fec-70038cd5091f', 'Cháo sườn', 'Cháo nấu mềm, vị ngon, dễ tiêu hóa', 'bigfood/images/profile_pictures/default', 0, false, true, '8bb0196f-e0c6-4301-8f61-3273861a8ed4'),
('50c120e3-3a75-4448-9aed-1771d1860ffb', 'Combo ưu đãi Cháo thịt bằm + Trà tắc', 'Trà thơm ngon, mát lạnh, giải khát tuyệt vời', 'bigfood/images/foods/xmgsdhf5j0xuhgdlxbmd', 0, false, true, '8bb0196f-e0c6-4301-8f61-3273861a8ed4'),
('22fa8dec-bb36-4760-ad71-f176b0f3cda9', 'Cháo thịt bằm', 'Cháo nấu mềm, vị ngon, dễ tiêu hóa', 'bigfood/images/foods/evnoqoxurqmzdhbbtkea', 0, false, true, '8bb0196f-e0c6-4301-8f61-3273861a8ed4'),
('640b9fe6-9abb-4a1f-8225-09ffd3fe5a60', 'Cháo sườn thịt bằm', 'Cháo nấu mềm, vị ngon, dễ tiêu hóa', 'bigfood/images/foods/wi8uktzpsnaatd5jt84m', 0, false, true, '8bb0196f-e0c6-4301-8f61-3273861a8ed4'),
('8704abbf-833b-4781-9ebe-d349e3186606', 'Cháo sườn thịt bằm bắc thảo', 'Cháo nấu mềm, vị ngon, dễ tiêu hóa', 'bigfood/images/foods/whhd3bvbkzf3if5uy8fy', 0, false, true, '8bb0196f-e0c6-4301-8f61-3273861a8ed4'),
('7732559d-171b-4fa8-904f-a1924d01ad36', 'Cháo sườn', 'Cháo nấu mềm, vị ngon, dễ tiêu hóa', 'bigfood/images/profile_pictures/default', 0, false, true, '8bb0196f-e0c6-4301-8f61-3273861a8ed4'),
('65d4b68a-0365-4bc1-b5c3-0c7b7c1997d1', 'Combo ưu đãi Cháo thịt bằm + Trà tắc', 'Trà thơm ngon, mát lạnh, giải khát tuyệt vời', 'bigfood/images/foods/xmgsdhf5j0xuhgdlxbmd', 0, false, true, 'd3a49697-bdf7-482a-b9cd-7f0495ca7c37'),
('89a82145-bee5-4aab-9782-7b5a149ce39d', 'Cháo thịt bằm', 'Cháo nấu mềm, vị ngon, dễ tiêu hóa', 'bigfood/images/foods/evnoqoxurqmzdhbbtkea', 0, false, true, 'd3a49697-bdf7-482a-b9cd-7f0495ca7c37'),
('1f659818-154a-4fb0-b892-788074276b44', 'Cháo sườn thịt bằm', 'Cháo nấu mềm, vị ngon, dễ tiêu hóa', 'bigfood/images/foods/wi8uktzpsnaatd5jt84m', 0, false, true, 'd3a49697-bdf7-482a-b9cd-7f0495ca7c37'),
('10d37c94-6b7a-401a-a805-37337f25f4a8', 'Cháo sườn thịt bằm bắc thảo', 'Cháo nấu mềm, vị ngon, dễ tiêu hóa', 'bigfood/images/foods/whhd3bvbkzf3if5uy8fy', 0, false, true, 'd3a49697-bdf7-482a-b9cd-7f0495ca7c37'),
('62289268-9bee-4957-bb69-9307ce3b5782', 'Cháo sườn', 'Cháo nấu mềm, vị ngon, dễ tiêu hóa', 'bigfood/images/profile_pictures/default', 0, false, true, 'd3a49697-bdf7-482a-b9cd-7f0495ca7c37'),
('8ef5da3f-3111-47b7-86d9-1709aba35596', 'Combo ưu đãi: Cháo thịt bằm + Trà tắc', 'Trà thơm ngon, mát lạnh, giải khát tuyệt vời', 'bigfood/images/foods/fsmszk7qg0w9niipz3no', 0, false, true, '3a127ad5-3305-4513-b3c9-080a44765393'),
('90ba0e01-7561-44c5-9445-92370e878273', 'Cháo ếch 1 con ( cháo lá dứa )', 'Cháo nấu mềm, vị ngon, dễ tiêu hóa', 'bigfood/images/foods/mo1al4nspn42brlqpiec', 0, false, true, '3a127ad5-3305-4513-b3c9-080a44765393'),
('baa2b738-e1df-4621-96ba-122f097c4b30', 'Cháo ếch 2 con ( cháo lá dứa )', 'Cháo nấu mềm, vị ngon, dễ tiêu hóa', 'bigfood/images/foods/zbth2sw9cz40kvb0tg1c', 0, false, true, '3a127ad5-3305-4513-b3c9-080a44765393'),
('ec3dbe3c-c5c5-4f6c-bc49-75d264fcf38a', 'Cháo ếch 1 con ( cháo tỏi phi )', 'Cháo nấu mềm, vị ngon, dễ tiêu hóa', 'bigfood/images/foods/cp1w3jx9wxbmwmt08c5c', 0, false, true, '3a127ad5-3305-4513-b3c9-080a44765393'),
('118c7e7f-480e-4158-ab91-5aa993d4b84f', 'Cháo ếch 1 con ( cháo trắng )', 'Cháo nấu mềm, vị ngon, dễ tiêu hóa', 'bigfood/images/foods/vzfrwoyicqmuxjyapmmb', 0, false, true, '3a127ad5-3305-4513-b3c9-080a44765393'),
('c42bba46-2318-48fc-bcd4-1fc3562534f4', 'Combo ưu đãi: Cháo thịt bằm + Trà tắc', 'Trà thơm ngon, mát lạnh, giải khát tuyệt vời', 'bigfood/images/foods/fsmszk7qg0w9niipz3no', 0, false, true, 'fff61013-6870-475c-95f6-1245cd6fa6f5'),
('95b75d77-91df-46e5-a48e-0d70cc0f6adb', 'Cháo ếch 1 con ( cháo lá dứa )', 'Cháo nấu mềm, vị ngon, dễ tiêu hóa', 'bigfood/images/foods/mo1al4nspn42brlqpiec', 0, false, true, 'fff61013-6870-475c-95f6-1245cd6fa6f5'),
('866ee23e-b83e-4685-ac0f-aa8e1739772d', 'Cháo ếch 2 con ( cháo lá dứa )', 'Cháo nấu mềm, vị ngon, dễ tiêu hóa', 'bigfood/images/foods/zbth2sw9cz40kvb0tg1c', 0, false, true, 'fff61013-6870-475c-95f6-1245cd6fa6f5'),
('ceb0296a-a140-4989-be73-994ea7d9c6d2', 'Cháo ếch 1 con ( cháo tỏi phi )', 'Cháo nấu mềm, vị ngon, dễ tiêu hóa', 'bigfood/images/foods/cp1w3jx9wxbmwmt08c5c', 0, false, true, 'fff61013-6870-475c-95f6-1245cd6fa6f5'),
('65bcceb0-0c2b-4b8c-96dd-0be0b1220ee7', 'Cháo ếch 1 con ( cháo trắng )', 'Cháo nấu mềm, vị ngon, dễ tiêu hóa', 'bigfood/images/foods/vzfrwoyicqmuxjyapmmb', 0, false, true, 'fff61013-6870-475c-95f6-1245cd6fa6f5'),
('529bf3ce-d95c-4a9b-8763-b93f0af34c77', 'Combo Nhẹ Bụng', 'Món ăn ngon, tươi, hấp dẫn', 'bigfood/images/foods/kpwd2qaienfjeeuyjtl1', 0, false, true, '92cb3753-622b-4d6b-9fd2-cd1afeba7045'),
('fcd99794-f0c6-4a18-a6e0-bd8ad0ca780a', 'Combo Đặc Biệt', 'Món ăn ngon, tươi, hấp dẫn', 'bigfood/images/foods/dq0vgb5tags6xea7yuqb', 0, false, true, '92cb3753-622b-4d6b-9fd2-cd1afeba7045'),
('e90a8df6-d5f8-49db-a955-b302d4df952e', 'Combo No Nê', 'Món ăn ngon, tươi, hấp dẫn', 'bigfood/images/foods/p6zssspg4arfrdl2wsrp', 0, false, true, '92cb3753-622b-4d6b-9fd2-cd1afeba7045'),
('b28e92ed-6586-4c8a-974e-c0903bfae259', 'Combo Năng Lượng', 'Món ăn ngon, tươi, hấp dẫn', 'bigfood/images/foods/vtncnnsj86hdygaqoge4', 0, false, true, '92cb3753-622b-4d6b-9fd2-cd1afeba7045'),
('c0763827-3d8b-4285-8e49-3d9c833b265a', 'Combo Nhẹ Bụng', 'Món ăn ngon, tươi, hấp dẫn', 'bigfood/images/foods/kpwd2qaienfjeeuyjtl1', 0, false, true, '92cb3753-622b-4d6b-9fd2-cd1afeba7045'),
('18281283-9aa5-4391-b4cf-038e332bf516', 'Combo Nhẹ Bụng', 'Món ăn ngon, tươi, hấp dẫn', 'bigfood/images/foods/kpwd2qaienfjeeuyjtl1', 0, false, true, '3d0befac-fc7f-4bad-84c7-94a3ea617127'),
('7682fe9b-cd2e-4731-a618-e3519146c57d', 'Combo Đặc Biệt', 'Món ăn ngon, tươi, hấp dẫn', 'bigfood/images/foods/dq0vgb5tags6xea7yuqb', 0, false, true, '3d0befac-fc7f-4bad-84c7-94a3ea617127'),
('6931f03e-0b36-4dfa-94dc-31d103a25a60', 'Combo No Nê', 'Món ăn ngon, tươi, hấp dẫn', 'bigfood/images/foods/p6zssspg4arfrdl2wsrp', 0, false, true, '3d0befac-fc7f-4bad-84c7-94a3ea617127'),
('a4146c1c-d568-48f7-abbb-d1525f29d0e1', 'Combo Năng Lượng', 'Món ăn ngon, tươi, hấp dẫn', 'bigfood/images/foods/vtncnnsj86hdygaqoge4', 0, false, true, '3d0befac-fc7f-4bad-84c7-94a3ea617127'),
('7445e6df-5991-4d24-9229-d3f69c3dabc5', 'Combo Nhẹ Bụng', 'Món ăn ngon, tươi, hấp dẫn', 'bigfood/images/foods/kpwd2qaienfjeeuyjtl1', 0, false, true, '3d0befac-fc7f-4bad-84c7-94a3ea617127'),
('ae7d5556-4a3b-4c0e-b380-56ed6ec27705', 'Combo Nhẹ Bụng', 'Món ăn ngon, tươi, hấp dẫn', 'bigfood/images/foods/kpwd2qaienfjeeuyjtl1', 0, false, true, '23d71fe2-6e1f-4195-aa2d-e5a0e1a5ab0a'),
('04064052-d257-405b-befc-aba0cb518798', 'Combo Đặc Biệt', 'Món ăn ngon, tươi, hấp dẫn', 'bigfood/images/foods/dq0vgb5tags6xea7yuqb', 0, false, true, '23d71fe2-6e1f-4195-aa2d-e5a0e1a5ab0a'),
('b6db9ae9-75f9-4060-8141-0f258c182248', 'Combo No Nê', 'Món ăn ngon, tươi, hấp dẫn', 'bigfood/images/foods/p6zssspg4arfrdl2wsrp', 0, false, true, '23d71fe2-6e1f-4195-aa2d-e5a0e1a5ab0a'),
('f54f038f-3c07-43b1-be7b-dac9b802da40', 'Combo Năng Lượng', 'Món ăn ngon, tươi, hấp dẫn', 'bigfood/images/foods/vtncnnsj86hdygaqoge4', 0, false, true, '23d71fe2-6e1f-4195-aa2d-e5a0e1a5ab0a'),
('30304e39-caca-4669-920e-b8c8bb7decef', 'Combo Nhẹ Bụng', 'Món ăn ngon, tươi, hấp dẫn', 'bigfood/images/foods/kpwd2qaienfjeeuyjtl1', 0, false, true, '23d71fe2-6e1f-4195-aa2d-e5a0e1a5ab0a'),
('18b3b3ae-e4ab-49d0-a163-38d312c05f26', 'Bún Huế Chay Diệu Phương + Tô muỗng đũa', 'Bún nóng với nước dùng thơm ngon, toppings đầy đủ, vị chuẩn', 'bigfood/images/foods/yts5j1s5axozo9e4xz6d', 0, false, true, 'd23fe3ef-dd5d-469d-9c54-f69b779ee357'),
('06d2984e-52ff-4d07-be33-bc1315110dfd', 'Cơm thập cẩm + Chả giò', 'Cơm nấu ngon, kèm các món ăn kèm hấp dẫn', 'bigfood/images/foods/dtqoqunv5psc9qwnns9m', 0, false, true, 'd23fe3ef-dd5d-469d-9c54-f69b779ee357'),
('5f415560-10c7-4dfd-b0fc-f0b5e892c0e3', 'Cơm chay sườn non', 'Cơm nấu ngon, kèm các món ăn kèm hấp dẫn', 'bigfood/images/foods/x2et0pfvkqlc70cpqzoo', 0, false, true, 'd23fe3ef-dd5d-469d-9c54-f69b779ee357'),
('e10ca57d-7242-41bf-96ec-220cbf805c5f', 'Cơm chay chả nấm đông cô', 'Cơm nấu ngon, kèm các món ăn kèm hấp dẫn', 'bigfood/images/foods/o7f2m1qfxbehrxrfcjtc', 0, false, true, 'd23fe3ef-dd5d-469d-9c54-f69b779ee357'),
('eea29689-6b6d-4cf5-ac7e-8ae875dc5c29', 'Cơm chay thập cẩm + Chả chén chiên', 'Cơm nấu ngon, kèm các món ăn kèm hấp dẫn', 'bigfood/images/foods/ndjwqcdznojpmhqzkca0', 0, false, true, 'd23fe3ef-dd5d-469d-9c54-f69b779ee357'),
('41a01cc1-5d1d-46e1-a9aa-e5215c7e1e70', 'Bún bò thập cẩm ( chưa bao gồm dụng cụ ăn uống)', 'Bún nóng với nước dùng thơm ngon, toppings đầy đủ, vị chuẩn', 'bigfood/images/profile_pictures/default', 0, false, true, '54c6f8d7-7a55-4d7d-9a34-eaf882b59fc3'),
('cf9b2b2e-3954-4935-bf0a-9d0836f62618', 'Bún bò thập cẩm ( chưa bao gồm dụng cụ ăn uống)', 'Bún nóng với nước dùng thơm ngon, toppings đầy đủ, vị chuẩn', 'bigfood/images/foods/bpcpdgsjbliomelhl8v0', 0, false, true, '54c6f8d7-7a55-4d7d-9a34-eaf882b59fc3'),
('7d33001a-2f53-4fcb-995f-4cb1c9f8b440', 'Phở tái nạm (chưa bao gồm dụng cụ ăn uống )', 'Món ăn ngon, tươi, hấp dẫn', 'bigfood/images/profile_pictures/default', 0, false, true, '54c6f8d7-7a55-4d7d-9a34-eaf882b59fc3'),
('914c4eff-732e-4491-b315-41e36a4c0ed3', 'Phở thập cẩm (chưa bao gồm dụng cụ ăn uong)', 'Món ăn ngon, tươi, hấp dẫn', 'bigfood/images/profile_pictures/default', 0, false, true, '54c6f8d7-7a55-4d7d-9a34-eaf882b59fc3'),
('75617e6c-76c7-4784-ad97-cc5a4423cf5e', 'Phở tái ( chưa bao gồm dụng cụ ăn uống)', 'Món ăn ngon, tươi, hấp dẫn', 'bigfood/images/foods/hio6lcfc4va1s2vvv20b', 0, false, true, '54c6f8d7-7a55-4d7d-9a34-eaf882b59fc3'),
('a2402aa3-a150-41f9-9b26-c46acdc003da', 'Hột vịt lộn hâp nuoc dừa', 'Món ăn ngon, tươi, hấp dẫn', 'bigfood/images/foods/jcdafz5zcxh6slms0o0u', 0, false, true, '6e023339-97cc-4a40-a10a-ccc09a24f352'),
('aa1a0955-6e33-450e-9e8a-e5e6d512ebf5', 'Hột gà nướng', 'Món ăn ngon, tươi, hấp dẫn', 'bigfood/images/foods/j3n8u8gfyxytuedjh6o5', 0, false, true, '6e023339-97cc-4a40-a10a-ccc09a24f352'),
('b6125df7-b22c-4f01-b4c9-fc4bd3802486', 'Hột vịt dữa', 'Món ăn ngon, tươi, hấp dẫn', 'bigfood/images/foods/xgreu6kitjwpnofip8to', 0, false, true, '6e023339-97cc-4a40-a10a-ccc09a24f352'),
('849f950a-2f78-4e5a-9384-60a36d9c9aa4', 'Trứng cút lộn xào me', 'Món ăn ngon, tươi, hấp dẫn', 'bigfood/images/foods/uumewzhgophtjf32xiki', 0, false, true, '6e023339-97cc-4a40-a10a-ccc09a24f352'),
('e6247fa7-f00f-48de-9349-2e85b2979a7e', 'Trứng cút lộn hap nươc dưa', 'Món ăn ngon, tươi, hấp dẫn', 'bigfood/images/foods/h0fuf9do2cvzx4sghr1m', 0, false, true, '6e023339-97cc-4a40-a10a-ccc09a24f352'),
('93d047d5-ca0e-4a44-a72f-126325506aac', 'Coffee with Milk', 'Cà phê thơm ngon, chất lượng cao', 'bigfood/images/foods/sjruyeb2dpe3ptvwtv9b', 0, false, true, '0f22cfa5-e483-46a4-852d-07a675b3818b'),
('6d285676-eabb-49c6-85d1-58ad56a41bb9', 'Pink Grapefruit Tea', 'Món ăn ngon, tươi, hấp dẫn', 'bigfood/images/foods/bn9iozgf0nyar1nbrlxl', 0, false, true, '0f22cfa5-e483-46a4-852d-07a675b3818b'),
('cf8d4a92-3ef5-42b9-ab77-6d5eb1f6961c', 'White Coffee', 'Cà phê thơm ngon, chất lượng cao', 'bigfood/images/foods/klwr5xhvbthzijaijqvz', 0, false, true, '0f22cfa5-e483-46a4-852d-07a675b3818b'),
('78a0bc38-64b3-4e3e-817b-fe501890b3ec', 'Fresh Fruit Tea', 'Món ăn ngon, tươi, hấp dẫn', 'bigfood/images/foods/henkvcc6io5l7xloprhe', 0, false, true, '0f22cfa5-e483-46a4-852d-07a675b3818b'),
('02289053-b07a-4d8e-a9fd-717e8f17acce', 'Coffee with Milk', 'Cà phê thơm ngon, chất lượng cao', 'bigfood/images/profile_pictures/default', 0, false, true, '0f22cfa5-e483-46a4-852d-07a675b3818b'),
('12c9f154-93a1-4b34-80a2-b94cd95fb341', 'Coffee with Milk', 'Cà phê thơm ngon, chất lượng cao', 'bigfood/images/foods/sjruyeb2dpe3ptvwtv9b', 0, false, true, 'b01f2ea3-fedd-490a-8567-e36694549952'),
('a3c0fac6-58d2-46ff-8b84-8910e35b0870', 'Pink Grapefruit Tea', 'Món ăn ngon, tươi, hấp dẫn', 'bigfood/images/foods/bn9iozgf0nyar1nbrlxl', 0, false, true, 'b01f2ea3-fedd-490a-8567-e36694549952'),
('c7d1943a-6cb7-42af-be28-5b3dcb13c1e4', 'White Coffee', 'Cà phê thơm ngon, chất lượng cao', 'bigfood/images/foods/klwr5xhvbthzijaijqvz', 0, false, true, 'b01f2ea3-fedd-490a-8567-e36694549952'),
('fa48a53a-5541-45fe-a481-7f8345346643', 'Fresh Fruit Tea', 'Món ăn ngon, tươi, hấp dẫn', 'bigfood/images/foods/henkvcc6io5l7xloprhe', 0, false, true, 'b01f2ea3-fedd-490a-8567-e36694549952'),
('9b29f73b-805c-4b08-9176-22fb78a17f01', 'Coffee with Milk', 'Cà phê thơm ngon, chất lượng cao', 'bigfood/images/profile_pictures/default', 0, false, true, 'b01f2ea3-fedd-490a-8567-e36694549952'),
('84c96471-9b7f-450b-bad5-eaa00b06e642', 'Miến Măng Gà Ngon Thơm', 'Món ăn ngon, tươi, hấp dẫn', 'bigfood/images/foods/wcxsj8ljivhg8nfm36vf', 0, false, true, '772af56f-c766-493b-8213-d7a7382cc751'),
('51299b86-0ec2-49e1-bc2d-b532b6f4b743', 'Mì Quảng Ngon Chuẩn Vị Đất Quảng', 'Món ăn ngon, tươi, hấp dẫn', 'bigfood/images/foods/v3ctbfrrwomjiaqgxh2n', 0, false, true, '772af56f-c766-493b-8213-d7a7382cc751'),
('206bc0fa-1949-44f0-a082-5a5c0a7d2aab', 'Cháo Gà Ta Thả Vườn Cực Ngon', 'Cháo nấu mềm, vị ngon, dễ tiêu hóa', 'bigfood/images/foods/xcgi51yi4lzdge9ft9vx', 0, false, true, '772af56f-c766-493b-8213-d7a7382cc751'),
('58bf4e74-6c28-4c72-bc60-6e0c6155f480', 'Bún Măng Gà Ta Số 1', 'Bún nóng với nước dùng thơm ngon, toppings đầy đủ, vị chuẩn', 'bigfood/images/foods/wu0x7senbhzyosohcqrw', 0, false, true, '772af56f-c766-493b-8213-d7a7382cc751'),
('596c4ee1-80ca-40a8-bff7-a0e49b07719e', 'Cơm Gà Xé Thả Vườn Số 1', 'Cơm gà nóng hôi, thịt gà mềm, nước sốt thơm', 'bigfood/images/foods/fyjztjli59bsqby4ixru', 0, false, true, '772af56f-c766-493b-8213-d7a7382cc751'),
('d8e988a2-90eb-44f3-a0ee-bc433deb0643', 'Miến Măng Gà Ngon Thơm', 'Món ăn ngon, tươi, hấp dẫn', 'bigfood/images/foods/wcxsj8ljivhg8nfm36vf', 0, false, true, 'dbc9c381-735b-4d91-bc09-bce7c27f227e'),
('abcaa83d-15cf-45a5-b442-5cd775e1a8ef', 'Mì Quảng Ngon Chuẩn Vị Đất Quảng', 'Món ăn ngon, tươi, hấp dẫn', 'bigfood/images/foods/v3ctbfrrwomjiaqgxh2n', 0, false, true, 'dbc9c381-735b-4d91-bc09-bce7c27f227e'),
('4cc59dfb-b090-40ee-9030-2443b0989d55', 'Cháo Gà Ta Thả Vườn Cực Ngon', 'Cháo nấu mềm, vị ngon, dễ tiêu hóa', 'bigfood/images/foods/xcgi51yi4lzdge9ft9vx', 0, false, true, 'dbc9c381-735b-4d91-bc09-bce7c27f227e'),
('2b3d3096-574b-49a6-851f-de58060b49ff', 'Bún Măng Gà Ta Số 1', 'Bún nóng với nước dùng thơm ngon, toppings đầy đủ, vị chuẩn', 'bigfood/images/foods/wu0x7senbhzyosohcqrw', 0, false, true, 'dbc9c381-735b-4d91-bc09-bce7c27f227e'),
('57ddf194-c6ca-4926-a333-55546062670b', 'Cơm Gà Xé Thả Vườn Số 1', 'Cơm gà nóng hôi, thịt gà mềm, nước sốt thơm', 'bigfood/images/foods/fyjztjli59bsqby4ixru', 0, false, true, 'dbc9c381-735b-4d91-bc09-bce7c27f227e'),
('f47bf56d-addd-4e16-84aa-8b57a7795353', 'Hồng Trà Sữa San Tuyết', 'Trà thơm ngon, mát lạnh, giải khát tuyệt vời', 'bigfood/images/foods/wbfgn7zavuiimdxo4skh', 0, false, true, '4bd7ed57-5a8a-486f-8c04-22ff4f6d94a3'),
('034fdc9b-285a-4bec-835f-ccd684bce3fa', 'Kombucha Ổi Hồng', 'Món ăn ngon, tươi, hấp dẫn', 'bigfood/images/foods/hbqeumwwsm4zqoirrktu', 0, false, true, '4bd7ed57-5a8a-486f-8c04-22ff4f6d94a3'),
('20a66235-f10e-4b76-9bd0-7104f2f3f0be', 'Kombucha Chanh Vàng', 'Món ăn ngon, tươi, hấp dẫn', 'bigfood/images/foods/ne50dpzcqxtmvqrxnq2u', 0, false, true, '4bd7ed57-5a8a-486f-8c04-22ff4f6d94a3'),
('07376d4b-e3b8-4afb-9567-30e756f88854', 'Cold Whisk Matcha Latte (Matcha Đánh Trực Tiếp Với Sữa Tươi)', 'Món ăn ngon, tươi, hấp dẫn', 'bigfood/images/foods/tvnu0ztqgh7v8rjdma9e', 0, false, true, '4bd7ed57-5a8a-486f-8c04-22ff4f6d94a3'),
('29526387-02b4-4ab8-aba9-44f26f7823c1', 'Oatmilk Matcha Latte (Matcha, Sữa yến mạch)', 'Món ăn ngon, tươi, hấp dẫn', 'bigfood/images/foods/uw59djgpzlry9ytru4ox', 0, false, true, '4bd7ed57-5a8a-486f-8c04-22ff4f6d94a3'),
('d2270010-459b-4672-9c52-579e13d49b69', 'Hồng Trà Sữa San Tuyết', 'Trà thơm ngon, mát lạnh, giải khát tuyệt vời', 'bigfood/images/foods/wbfgn7zavuiimdxo4skh', 0, false, true, '428c7401-65fd-4811-bb50-86e5581f9ded'),
('50b581f5-e932-44c3-8d0e-966475d22940', 'Kombucha Ổi Hồng', 'Món ăn ngon, tươi, hấp dẫn', 'bigfood/images/foods/hbqeumwwsm4zqoirrktu', 0, false, true, '428c7401-65fd-4811-bb50-86e5581f9ded'),
('d35b926e-91c3-4132-80fe-14315a335a27', 'Kombucha Chanh Vàng', 'Món ăn ngon, tươi, hấp dẫn', 'bigfood/images/foods/ne50dpzcqxtmvqrxnq2u', 0, false, true, '428c7401-65fd-4811-bb50-86e5581f9ded'),
('00bb797b-87b4-49bb-9f6c-cd69016fe009', 'Cold Whisk Matcha Latte (Matcha Đánh Trực Tiếp Với Sữa Tươi)', 'Món ăn ngon, tươi, hấp dẫn', 'bigfood/images/foods/tvnu0ztqgh7v8rjdma9e', 0, false, true, '428c7401-65fd-4811-bb50-86e5581f9ded'),
('d546a9b2-eaac-4229-9d52-3c5d141c3b61', 'Oatmilk Matcha Latte (Matcha, Sữa yến mạch)', 'Món ăn ngon, tươi, hấp dẫn', 'bigfood/images/foods/uw59djgpzlry9ytru4ox', 0, false, true, '428c7401-65fd-4811-bb50-86e5581f9ded'),
('7a9fd553-1c35-4a5d-9f04-4fa34f16ce0c', 'Lon Pepsi kèm tẩy đá', 'Món ăn ngon, tươi, hấp dẫn', 'bigfood/images/foods/alym36qolbzwmusvsrfy', 0, false, true, '46bc1e83-bf10-4952-9f04-576ffbdec6d7'),
('8c2627af-34b5-440d-af83-c8879454b60c', 'Lon Pepsi kèm tẩy đá', 'Món ăn ngon, tươi, hấp dẫn', 'bigfood/images/foods/alym36qolbzwmusvsrfy', 0, false, true, '46bc1e83-bf10-4952-9f04-576ffbdec6d7'),
('32070563-0301-478f-9696-19ac13861879', 'Matcha Sữa Chuối - Ly 700ml', 'Món ăn ngon, tươi, hấp dẫn', 'bigfood/images/profile_pictures/default', 0, false, true, '46bc1e83-bf10-4952-9f04-576ffbdec6d7'),
('bb0f519a-ca38-41ab-b825-922a5cfe0abe', 'Sữa Tươi Sốt CaCao - Ly 700ml', 'Món ăn ngon, tươi, hấp dẫn', 'bigfood/images/foods/xdvhuvuofstmd07igppc', 0, false, true, '46bc1e83-bf10-4952-9f04-576ffbdec6d7'),
('e3ae5985-f15e-4758-b549-fc87bfea4d10', 'Sữa Tươi Sốt Cacao - Ly 1L', 'Món ăn ngon, tươi, hấp dẫn', 'bigfood/images/foods/epa8an6u5katpdhex7jw', 0, false, true, '46bc1e83-bf10-4952-9f04-576ffbdec6d7'),
('1e1eef8b-c936-432a-91e7-862f5a6f1e22', 'Lon Pepsi kèm tẩy đá', 'Món ăn ngon, tươi, hấp dẫn', 'bigfood/images/foods/alym36qolbzwmusvsrfy', 0, false, true, '6f26e4d3-bbac-4a83-bf8d-0b6cba6626aa'),
('f0935d05-1b18-47eb-95a7-baca87e42eba', 'Lon Pepsi kèm tẩy đá', 'Món ăn ngon, tươi, hấp dẫn', 'bigfood/images/foods/alym36qolbzwmusvsrfy', 0, false, true, '6f26e4d3-bbac-4a83-bf8d-0b6cba6626aa'),
('250aa062-83d8-451d-943a-b36eedc3be46', 'Matcha Sữa Chuối - Ly 700ml', 'Món ăn ngon, tươi, hấp dẫn', 'bigfood/images/profile_pictures/default', 0, false, true, '6f26e4d3-bbac-4a83-bf8d-0b6cba6626aa'),
('912c52be-4742-40d1-a00f-63abfce0814c', 'Sữa Tươi Sốt CaCao - Ly 700ml', 'Món ăn ngon, tươi, hấp dẫn', 'bigfood/images/foods/xdvhuvuofstmd07igppc', 0, false, true, '6f26e4d3-bbac-4a83-bf8d-0b6cba6626aa'),
('25492263-0ac1-484d-811b-17001f6ae3b2', 'Sữa Tươi Sốt Cacao - Ly 1L', 'Món ăn ngon, tươi, hấp dẫn', 'bigfood/images/foods/epa8an6u5katpdhex7jw', 0, false, true, '6f26e4d3-bbac-4a83-bf8d-0b6cba6626aa'),
('a4c5eaf3-c699-4544-8b6c-2c2642b61c4f', 'Lon Pepsi kèm tẩy đá', 'Món ăn ngon, tươi, hấp dẫn', 'bigfood/images/foods/alym36qolbzwmusvsrfy', 0, false, true, '486d4409-2a12-4557-8816-7c9459bc870c'),
('5faf9abc-c82e-4d48-9df8-16e72a5dc9f2', 'Lon Pepsi kèm tẩy đá', 'Món ăn ngon, tươi, hấp dẫn', 'bigfood/images/foods/alym36qolbzwmusvsrfy', 0, false, true, '486d4409-2a12-4557-8816-7c9459bc870c'),
('074d1938-696b-4f8f-996f-3b5d61e0ad77', 'Matcha Sữa Chuối - Ly 700ml', 'Món ăn ngon, tươi, hấp dẫn', 'bigfood/images/profile_pictures/default', 0, false, true, '486d4409-2a12-4557-8816-7c9459bc870c'),
('a6244560-5261-436a-a194-dde45423298d', 'Sữa Tươi Sốt CaCao - Ly 700ml', 'Món ăn ngon, tươi, hấp dẫn', 'bigfood/images/foods/xdvhuvuofstmd07igppc', 0, false, true, '486d4409-2a12-4557-8816-7c9459bc870c'),
('b8240a91-abe7-496a-a31a-727db30a085e', 'Sữa Tươi Sốt Cacao - Ly 1L', 'Món ăn ngon, tươi, hấp dẫn', 'bigfood/images/foods/epa8an6u5katpdhex7jw', 0, false, true, '486d4409-2a12-4557-8816-7c9459bc870c'),
('71333614-b95b-4a02-8f0f-2a37eebda8f3', 'Cơm gà sốt mắm tỏi(góc tư)', 'Cơm gà nóng hôi, thịt gà mềm, nước sốt thơm', 'bigfood/images/foods/looxaciyavkbx2j74g9q', 0, false, true, '3d4d07bd-dc1a-4672-abaf-cf2d3ea0d60d'),
('0e608fe0-20eb-413c-aca8-87bf32e454c2', 'Cơm gà góc tư sốt tiêu xanh', 'Cơm gà nóng hôi, thịt gà mềm, nước sốt thơm', 'bigfood/images/foods/lldkg0wi0am0i6yu3zjq', 0, false, true, '3d4d07bd-dc1a-4672-abaf-cf2d3ea0d60d'),
('427fb53e-1acd-4385-b9a9-08889fbe6548', 'Hamburger gà', 'Món ăn ngon, tươi, hấp dẫn', 'bigfood/images/foods/sym0io9rtggcjqxra74l', 0, false, true, '3d4d07bd-dc1a-4672-abaf-cf2d3ea0d60d'),
('559a1a6f-55d5-44df-989d-d93866e28285', 'Hamburger bò', 'Món ăn ngon, tươi, hấp dẫn', 'bigfood/images/foods/nvoeh0xkhws47yspmoow', 0, false, true, '3d4d07bd-dc1a-4672-abaf-cf2d3ea0d60d'),
('af21997d-478f-4dc5-91c6-074796d9df95', 'Hamburger bò phô mai', 'Món ăn ngon, tươi, hấp dẫn', 'bigfood/images/foods/ce2wf2lglqcnsrsyf9fs', 0, false, true, '3d4d07bd-dc1a-4672-abaf-cf2d3ea0d60d'),
('7b6500e2-a66a-4a4f-9ea7-ff7e33aad2f7', 'Cơm gà sốt mắm tỏi(góc tư)', 'Cơm gà nóng hôi, thịt gà mềm, nước sốt thơm', 'bigfood/images/foods/looxaciyavkbx2j74g9q', 0, false, true, '5fe3afbf-b0fc-42a9-a0f1-14aa86bbed8a'),
('870fac10-b7d9-4da9-82f7-686f9c378a48', 'Cơm gà góc tư sốt tiêu xanh', 'Cơm gà nóng hôi, thịt gà mềm, nước sốt thơm', 'bigfood/images/foods/lldkg0wi0am0i6yu3zjq', 0, false, true, '5fe3afbf-b0fc-42a9-a0f1-14aa86bbed8a'),
('4cd47f19-a103-4261-95e9-c7e4b6e8929a', 'Hamburger gà', 'Món ăn ngon, tươi, hấp dẫn', 'bigfood/images/foods/sym0io9rtggcjqxra74l', 0, false, true, '5fe3afbf-b0fc-42a9-a0f1-14aa86bbed8a'),
('5039ac4d-38c6-41a9-ab74-e30d1d8bc959', 'Hamburger bò', 'Món ăn ngon, tươi, hấp dẫn', 'bigfood/images/foods/nvoeh0xkhws47yspmoow', 0, false, true, '5fe3afbf-b0fc-42a9-a0f1-14aa86bbed8a'),
('fb65b2a6-962e-40c4-98ae-5d38fff636a6', 'Hamburger bò phô mai', 'Món ăn ngon, tươi, hấp dẫn', 'bigfood/images/foods/ce2wf2lglqcnsrsyf9fs', 0, false, true, '5fe3afbf-b0fc-42a9-a0f1-14aa86bbed8a'),
('57608835-8424-4ea5-9831-28b12d8081ae', 'Combo Obento trứng cuộn & gà xốt Teriyaki + súp', 'Món ăn ngon, tươi, hấp dẫn', 'bigfood/images/foods/zudjyogsojdq7x3sd1oj', 0, false, true, 'f3ae56ce-42ba-41a1-9ca6-b454b67e4097'),
('9e0bff8d-5f31-4bc9-b6b7-12d35b01ec8e', 'Combo bento full ( bento + súp + trà tắc 360ml)', 'Trà thơm ngon, mát lạnh, giải khát tuyệt vời', 'bigfood/images/foods/si3jbrlnuimwixvxmxnw', 0, false, true, 'f3ae56ce-42ba-41a1-9ca6-b454b67e4097'),
('f96d3342-6f36-4663-80f7-8212f7f2b0b6', 'Combo Obento ba rọi kim châm+ Trà Tắc', 'Trà thơm ngon, mát lạnh, giải khát tuyệt vời', 'bigfood/images/foods/oqg1qprpf4amfqyp1nqr', 0, false, true, 'f3ae56ce-42ba-41a1-9ca6-b454b67e4097'),
('8f6d0db2-2c0d-48ef-93b1-d7e684653f95', 'Combo chốt hạ', 'Món ăn ngon, tươi, hấp dẫn', 'bigfood/images/foods/kkbpaenstxaxqri6v0vj', 0, false, true, 'f3ae56ce-42ba-41a1-9ca6-b454b67e4097'),
('df700869-dd1a-4a3c-bd4b-3c54189e13f9', 'Combo đỉnh của chóp', 'Món ăn ngon, tươi, hấp dẫn', 'bigfood/images/foods/zmwxvhqrd3zzh7xvwuzw', 0, false, true, 'f3ae56ce-42ba-41a1-9ca6-b454b67e4097'),
('9655cdcb-5abb-4016-9fd9-f08b4e2de8c1', 'Combo Obento trứng cuộn & gà xốt Teriyaki + súp', 'Món ăn ngon, tươi, hấp dẫn', 'bigfood/images/foods/zudjyogsojdq7x3sd1oj', 0, false, true, '044f59b0-3d19-4583-860f-f64e48f58cb8'),
('ba20dfdc-1bdd-4ed4-b495-e7b89f72e1e9', 'Combo bento full ( bento + súp + trà tắc 360ml)', 'Trà thơm ngon, mát lạnh, giải khát tuyệt vời', 'bigfood/images/foods/si3jbrlnuimwixvxmxnw', 0, false, true, '044f59b0-3d19-4583-860f-f64e48f58cb8'),
('a5c86a11-468a-4e06-9f54-13bbe673a91a', 'Combo Obento ba rọi kim châm+ Trà Tắc', 'Trà thơm ngon, mát lạnh, giải khát tuyệt vời', 'bigfood/images/foods/oqg1qprpf4amfqyp1nqr', 0, false, true, '044f59b0-3d19-4583-860f-f64e48f58cb8'),
('72b397b2-3f51-41ab-8ff5-df089272d023', 'Combo chốt hạ', 'Món ăn ngon, tươi, hấp dẫn', 'bigfood/images/foods/kkbpaenstxaxqri6v0vj', 0, false, true, '044f59b0-3d19-4583-860f-f64e48f58cb8'),
('a91f39ae-b205-4dd3-b7d2-6b44fd1a9974', 'Combo đỉnh của chóp', 'Món ăn ngon, tươi, hấp dẫn', 'bigfood/images/foods/zmwxvhqrd3zzh7xvwuzw', 0, false, true, '044f59b0-3d19-4583-860f-f64e48f58cb8'),
('2dea9ab9-32cd-4858-a358-fc5c728e4a77', 'Combo Obento trứng cuộn & gà xốt Teriyaki + súp', 'Món ăn ngon, tươi, hấp dẫn', 'bigfood/images/foods/zudjyogsojdq7x3sd1oj', 0, false, true, 'c14849a4-4603-45a8-a7a6-7d98e7c36712'),
('cf202444-b879-4602-8c0c-552524537217', 'Combo bento full ( bento + súp + trà tắc 360ml)', 'Trà thơm ngon, mát lạnh, giải khát tuyệt vời', 'bigfood/images/foods/si3jbrlnuimwixvxmxnw', 0, false, true, 'c14849a4-4603-45a8-a7a6-7d98e7c36712'),
('307bc3fe-43b5-4c71-8f19-6275be3b6549', 'Combo Obento ba rọi kim châm+ Trà Tắc', 'Trà thơm ngon, mát lạnh, giải khát tuyệt vời', 'bigfood/images/foods/oqg1qprpf4amfqyp1nqr', 0, false, true, 'c14849a4-4603-45a8-a7a6-7d98e7c36712'),
('555c8047-e1a8-4ca8-9ea3-b25c341ab9e2', 'Combo chốt hạ', 'Món ăn ngon, tươi, hấp dẫn', 'bigfood/images/foods/kkbpaenstxaxqri6v0vj', 0, false, true, 'c14849a4-4603-45a8-a7a6-7d98e7c36712'),
('2a1511de-65cd-47bc-8d84-52f4af33b63b', 'Combo đỉnh của chóp', 'Món ăn ngon, tươi, hấp dẫn', 'bigfood/images/foods/zmwxvhqrd3zzh7xvwuzw', 0, false, true, 'c14849a4-4603-45a8-a7a6-7d98e7c36712'),
('0f99447a-83fa-4ada-97e8-71acd295216d', 'Ô Long Nhài Sữa - trà sữa (size Phê)', 'Trà thơm ngon, mát lạnh, giải khát tuyệt vời', 'bigfood/images/foods/yd3zcczvu8kwmrdqzg1g', 0, false, true, 'dbb0c8e4-4312-4ab6-98b2-a5894d2e9cea'),
('752d6bfc-e8f1-4cfb-b315-f67a4587d069', 'Mật Nhãn - Ô Long Long Nhãn Sữa (size Phê)', 'Món ăn ngon, tươi, hấp dẫn', 'bigfood/images/foods/u8eferqvqwc08rhn9zdu', 0, false, true, 'dbb0c8e4-4312-4ab6-98b2-a5894d2e9cea'),
('571fd161-8147-4575-a6fc-56c1ec136a54', 'Mật Nhãn - Ô Long Long Nhãn Sữa - size LAAA', 'Món ăn ngon, tươi, hấp dẫn', 'bigfood/images/foods/logj8x2kaybkgsi3z1j9', 0, false, true, 'dbb0c8e4-4312-4ab6-98b2-a5894d2e9cea'),
('e5bf114c-7a19-4b0f-b0d0-fec6657d5576', 'Ô Long Sữa Phê La - trà sữa (size Phê)', 'Trà thơm ngon, mát lạnh, giải khát tuyệt vời', 'bigfood/images/foods/tpq0fynozw3jc5tosv6i', 0, false, true, 'dbb0c8e4-4312-4ab6-98b2-a5894d2e9cea'),
('cf031391-f120-4155-8842-cfba27b5c366', 'Phong Lan - trà sữa (size Phê)', 'Trà thơm ngon, mát lạnh, giải khát tuyệt vời', 'bigfood/images/foods/xsush9vdcym6ms9k4fjp', 0, false, true, 'dbb0c8e4-4312-4ab6-98b2-a5894d2e9cea'),
('6f7cacad-7de6-4b12-9d0d-904459319e61', 'Ô Long Nhài Sữa - trà sữa (size Phê)', 'Trà thơm ngon, mát lạnh, giải khát tuyệt vời', 'bigfood/images/foods/yd3zcczvu8kwmrdqzg1g', 0, false, true, 'fdb3108a-95b4-4ba4-960e-3a3a7326d8fa'),
('887e8134-1db9-4ab5-869f-47c3ce96ad34', 'Mật Nhãn - Ô Long Long Nhãn Sữa (size Phê)', 'Món ăn ngon, tươi, hấp dẫn', 'bigfood/images/foods/u8eferqvqwc08rhn9zdu', 0, false, true, 'fdb3108a-95b4-4ba4-960e-3a3a7326d8fa'),
('1357b38d-833b-4fbe-98d1-59438b3b5786', 'Mật Nhãn - Ô Long Long Nhãn Sữa - size LAAA', 'Món ăn ngon, tươi, hấp dẫn', 'bigfood/images/foods/logj8x2kaybkgsi3z1j9', 0, false, true, 'fdb3108a-95b4-4ba4-960e-3a3a7326d8fa'),
('593a66f2-00e7-466e-81f1-504b617d27c9', 'Ô Long Sữa Phê La - trà sữa (size Phê)', 'Trà thơm ngon, mát lạnh, giải khát tuyệt vời', 'bigfood/images/foods/tpq0fynozw3jc5tosv6i', 0, false, true, 'fdb3108a-95b4-4ba4-960e-3a3a7326d8fa'),
('5eaa1271-9a05-41f2-af75-735c85c82fea', 'Phong Lan - trà sữa (size Phê)', 'Trà thơm ngon, mát lạnh, giải khát tuyệt vời', 'bigfood/images/foods/xsush9vdcym6ms9k4fjp', 0, false, true, 'fdb3108a-95b4-4ba4-960e-3a3a7326d8fa'),
('e7bd9710-f0eb-4eb7-9a50-fde35576ace0', 'Combo 3 bánh không nhân + 1 hũ ớt thần thánh', 'Món ăn ngon, tươi, hấp dẫn', 'bigfood/images/foods/xolohk9srcqywe0rx4xj', 0, false, true, '15857e05-1ddf-4dea-a777-076e5511fe39'),
('b5bcecd2-4d76-4c06-a965-fd92027aec81', 'Combo 20 cái (tặng 1 bánh không nhân)', 'Món ăn ngon, tươi, hấp dẫn', 'bigfood/images/foods/zz0ofirdxjvrrnxauajj', 0, false, true, '15857e05-1ddf-4dea-a777-076e5511fe39'),
('1031ce6a-891e-4184-9a94-9dc5f61c9839', 'Combo 20 cái tặng 1 cái không nhân', 'Món ăn ngon, tươi, hấp dẫn', 'bigfood/images/foods/tlkjaahw3t8qn3crclme', 0, false, true, '15857e05-1ddf-4dea-a777-076e5511fe39'),
('60492188-ce61-4e84-b58a-ce1e83af12ef', 'Combo 30 cái (tặng 1 cái có nhân)', 'Món ăn ngon, tươi, hấp dẫn', 'bigfood/images/foods/e1dr0sfwgqfzavzj3svf', 0, false, true, '15857e05-1ddf-4dea-a777-076e5511fe39'),
('c3af3806-2f52-47c5-bfba-3f5b591f1656', 'Combo 30 cái tặng 1 cái có nhân', 'Món ăn ngon, tươi, hấp dẫn', 'bigfood/images/foods/cvk94njt5txxfzbyznbe', 0, false, true, '15857e05-1ddf-4dea-a777-076e5511fe39'),
('725ef059-7713-406d-9a15-bf196564fa67', 'Combo 2: Cơm sườn bì chả + 1 cơm thêm(cho 2 người)', 'Cơm nấu ngon, kèm các món ăn kèm hấp dẫn', 'bigfood/images/foods/atiw3kre5t0fqxxbemxs', 0, false, true, '633b6d65-7a47-41de-b9f9-23184869a2c9'),
('4bd1b738-bab5-46f8-8641-247a29f52115', 'Combo 3: Cơm sườn chả ốp la + 1 cơm thêm(cho 2 người)', 'Cơm nấu ngon, kèm các món ăn kèm hấp dẫn', 'bigfood/images/foods/wkatjzlxjpktj15gmqkw', 0, false, true, '633b6d65-7a47-41de-b9f9-23184869a2c9'),
('74066587-d3ea-4029-95d3-219aef2cba8b', 'Combo 4: Cơm sườn bì ốp la + 1 cơm thêm(cho 2 người)', 'Cơm nấu ngon, kèm các món ăn kèm hấp dẫn', 'bigfood/images/foods/txid7kxrzp9jw97h8drr', 0, false, true, '633b6d65-7a47-41de-b9f9-23184869a2c9'),
('42c9e8cf-0438-419e-9073-0d0a4a9ac964', 'Combo 5: 2sườn bì chả + 2 cơm thêm+ 2 rau má (cho 4 người)', 'Cơm nấu ngon, kèm các món ăn kèm hấp dẫn', 'bigfood/images/foods/clb24pf7ayaqhvfs6mv4', 0, false, true, '633b6d65-7a47-41de-b9f9-23184869a2c9'),
('d5a7ebea-82d5-4fb5-a646-9688aa33c400', 'Combo 6: 2 cơm sườn chả ốpla + 2 cơm thêm+ 2rau má (cho 4 người)', 'Cơm nấu ngon, kèm các món ăn kèm hấp dẫn', 'bigfood/images/foods/fzk78zdwp2uqacjukrsd', 0, false, true, '633b6d65-7a47-41de-b9f9-23184869a2c9'),
('51709f67-3fc3-4ae4-862f-68f23cea07c0', 'Combo 2: Cơm sườn bì chả + 1 cơm thêm(cho 2 người)', 'Cơm nấu ngon, kèm các món ăn kèm hấp dẫn', 'bigfood/images/foods/atiw3kre5t0fqxxbemxs', 0, false, true, '557882d0-41c9-4b42-8dad-923d5e2c15e4'),
('19b1ee58-ea04-4c88-9781-a0204bc6e31a', 'Combo 3: Cơm sườn chả ốp la + 1 cơm thêm(cho 2 người)', 'Cơm nấu ngon, kèm các món ăn kèm hấp dẫn', 'bigfood/images/foods/wkatjzlxjpktj15gmqkw', 0, false, true, '557882d0-41c9-4b42-8dad-923d5e2c15e4'),
('49992a2f-d441-4260-a4d3-d28a9a026566', 'Combo 4: Cơm sườn bì ốp la + 1 cơm thêm(cho 2 người)', 'Cơm nấu ngon, kèm các món ăn kèm hấp dẫn', 'bigfood/images/foods/txid7kxrzp9jw97h8drr', 0, false, true, '557882d0-41c9-4b42-8dad-923d5e2c15e4'),
('30bd038a-de6c-43ed-ae9c-6d19e095dec0', 'Combo 5: 2sườn bì chả + 2 cơm thêm+ 2 rau má (cho 4 người)', 'Cơm nấu ngon, kèm các món ăn kèm hấp dẫn', 'bigfood/images/foods/clb24pf7ayaqhvfs6mv4', 0, false, true, '557882d0-41c9-4b42-8dad-923d5e2c15e4'),
('fbff6717-9ef7-4335-946d-da8b49b21b8b', 'Combo 6: 2 cơm sườn chả ốpla + 2 cơm thêm+ 2rau má (cho 4 người)', 'Cơm nấu ngon, kèm các món ăn kèm hấp dẫn', 'bigfood/images/foods/fzk78zdwp2uqacjukrsd', 0, false, true, '557882d0-41c9-4b42-8dad-923d5e2c15e4'),
('1efab0ae-901a-4390-b272-d4e4554bb99d', 'Combo 2: Cơm sườn bì chả + 1 cơm thêm(cho 2 người)', 'Cơm nấu ngon, kèm các món ăn kèm hấp dẫn', 'bigfood/images/foods/atiw3kre5t0fqxxbemxs', 0, false, true, 'cb2cbb6e-de33-405d-ab00-395555509e6f'),
('1e37712c-ffb1-4085-b40b-b4b4d1121abe', 'Combo 3: Cơm sườn chả ốp la + 1 cơm thêm(cho 2 người)', 'Cơm nấu ngon, kèm các món ăn kèm hấp dẫn', 'bigfood/images/foods/wkatjzlxjpktj15gmqkw', 0, false, true, 'cb2cbb6e-de33-405d-ab00-395555509e6f'),
('fcee2f4b-dd08-45f8-b482-45b320527f46', 'Combo 4: Cơm sườn bì ốp la + 1 cơm thêm(cho 2 người)', 'Cơm nấu ngon, kèm các món ăn kèm hấp dẫn', 'bigfood/images/foods/txid7kxrzp9jw97h8drr', 0, false, true, 'cb2cbb6e-de33-405d-ab00-395555509e6f'),
('36b90db9-c9aa-42ec-b8de-8bf46419e284', 'Combo 5: 2sườn bì chả + 2 cơm thêm+ 2 rau má (cho 4 người)', 'Cơm nấu ngon, kèm các món ăn kèm hấp dẫn', 'bigfood/images/foods/clb24pf7ayaqhvfs6mv4', 0, false, true, 'cb2cbb6e-de33-405d-ab00-395555509e6f'),
('629c24e1-a33f-42aa-a5b5-9b94edd7216d', 'Combo 6: 2 cơm sườn chả ốpla + 2 cơm thêm+ 2rau má (cho 4 người)', 'Cơm nấu ngon, kèm các món ăn kèm hấp dẫn', 'bigfood/images/foods/fzk78zdwp2uqacjukrsd', 0, false, true, 'cb2cbb6e-de33-405d-ab00-395555509e6f'),
('09c83123-8734-4f5f-a5b4-59e74afe3964', 'Combo 2: Cơm sườn bì chả + 1 cơm thêm(cho 2 người)', 'Cơm nấu ngon, kèm các món ăn kèm hấp dẫn', 'bigfood/images/foods/atiw3kre5t0fqxxbemxs', 0, false, true, '3d410dd8-59f5-49ff-bbec-5daa672ab257'),
('b77a69e7-1b4c-4bb9-8bfa-ab2058069e3e', 'Combo 3: Cơm sườn chả ốp la + 1 cơm thêm(cho 2 người)', 'Cơm nấu ngon, kèm các món ăn kèm hấp dẫn', 'bigfood/images/foods/wkatjzlxjpktj15gmqkw', 0, false, true, '3d410dd8-59f5-49ff-bbec-5daa672ab257'),
('cc6653f1-5774-4082-a19e-ab989e526b20', 'Combo 4: Cơm sườn bì ốp la + 1 cơm thêm(cho 2 người)', 'Cơm nấu ngon, kèm các món ăn kèm hấp dẫn', 'bigfood/images/foods/txid7kxrzp9jw97h8drr', 0, false, true, '3d410dd8-59f5-49ff-bbec-5daa672ab257'),
('deb8f031-1881-45c1-940a-bf4125bc57db', 'Combo 5: 2sườn bì chả + 2 cơm thêm+ 2 rau má (cho 4 người)', 'Cơm nấu ngon, kèm các món ăn kèm hấp dẫn', 'bigfood/images/foods/clb24pf7ayaqhvfs6mv4', 0, false, true, '3d410dd8-59f5-49ff-bbec-5daa672ab257'),
('47be6eb8-eb19-4a48-9176-3b5f0cfa6dbf', 'Combo 6: 2 cơm sườn chả ốpla + 2 cơm thêm+ 2rau má (cho 4 người)', 'Cơm nấu ngon, kèm các món ăn kèm hấp dẫn', 'bigfood/images/foods/fzk78zdwp2uqacjukrsd', 0, false, true, '3d410dd8-59f5-49ff-bbec-5daa672ab257'),
('245162f6-b063-49fb-82ed-2d95336c0bf2', 'Gà Dakgangjeong M', 'Món ăn ngon, tươi, hấp dẫn', 'bigfood/images/foods/wfgbjtuv6mme3awjzxgg', 0, false, true, 'a6984c07-01e0-43b4-a53e-582b97525152'),
('5adbf2a9-ca4f-4007-a5cf-29af6f996402', 'Pizza Pesto Hải Sản', 'Pizza nóng vừa ra lò, cheese phô mai stretchy, topping tươi ngon', 'bigfood/images/profile_pictures/default', 0, false, true, 'a6984c07-01e0-43b4-a53e-582b97525152'),
('73bbcd00-7d2f-4e35-8acc-049f32b36a3a', 'Pizza Cheese', 'Pizza nóng vừa ra lò, cheese phô mai stretchy, topping tươi ngon', 'bigfood/images/foods/qesom0sdqlo9ucjwqxzg', 0, false, true, 'a6984c07-01e0-43b4-a53e-582b97525152'),
('ae0b6673-63fa-4e05-855d-ae36be470e5a', 'Gà rán xốt Kem Hành', 'Món ăn ngon, tươi, hấp dẫn', 'bigfood/images/profile_pictures/default', 0, false, true, 'a6984c07-01e0-43b4-a53e-582b97525152'),
('ae56b88a-0aa6-409e-989b-ba99dbc079eb', 'Gà Dakgangjeong L', 'Món ăn ngon, tươi, hấp dẫn', 'bigfood/images/profile_pictures/default', 0, false, true, 'a6984c07-01e0-43b4-a53e-582b97525152'),
('4e36af2a-40ce-43fd-ac30-f70b68a85296', 'Gà Dakgangjeong M', 'Món ăn ngon, tươi, hấp dẫn', 'bigfood/images/foods/wfgbjtuv6mme3awjzxgg', 0, false, true, 'f14cf8c8-b00c-45d8-84c8-7eabf9b8726f'),
('cd38395b-7b15-4f8d-85be-af8057b5ac58', 'Pizza Pesto Hải Sản', 'Pizza nóng vừa ra lò, cheese phô mai stretchy, topping tươi ngon', 'bigfood/images/profile_pictures/default', 0, false, true, 'f14cf8c8-b00c-45d8-84c8-7eabf9b8726f'),
('de994bb6-af7c-4ca6-9935-3d0277c0bc37', 'Pizza Cheese', 'Pizza nóng vừa ra lò, cheese phô mai stretchy, topping tươi ngon', 'bigfood/images/foods/qesom0sdqlo9ucjwqxzg', 0, false, true, 'f14cf8c8-b00c-45d8-84c8-7eabf9b8726f'),
('f0335c6c-c138-4110-9669-24bdf2d3f1f0', 'Gà rán xốt Kem Hành', 'Món ăn ngon, tươi, hấp dẫn', 'bigfood/images/profile_pictures/default', 0, false, true, 'f14cf8c8-b00c-45d8-84c8-7eabf9b8726f'),
('deb32bad-53a2-4d5b-a5cb-5da9f68bceea', 'Gà Dakgangjeong L', 'Món ăn ngon, tươi, hấp dẫn', 'bigfood/images/profile_pictures/default', 0, false, true, 'f14cf8c8-b00c-45d8-84c8-7eabf9b8726f'),
('42e8713a-42a5-4beb-bcae-221d46646a57', 'Bánh kem bắp trái cây size 14cm', 'Món ăn ngon, tươi, hấp dẫn', 'bigfood/images/foods/o1ujka0giopoxrxesmrt', 0, false, true, '7e863642-b089-4923-b0ea-67e70bbeaad0'),
('06305b07-4601-4882-b913-db3f1604e4df', 'Bánh kem bắp trái cây size 16cm', 'Món ăn ngon, tươi, hấp dẫn', 'bigfood/images/foods/x9vaby6tpetee9yufxqo', 0, false, true, '7e863642-b089-4923-b0ea-67e70bbeaad0'),
('510697b1-9a77-4541-a2c1-18a6c7d18127', 'Bánh kem bắp trái cây size 18cm', 'Món ăn ngon, tươi, hấp dẫn', 'bigfood/images/foods/hpdrtwilqu3t2v3yf9xk', 0, false, true, '7e863642-b089-4923-b0ea-67e70bbeaad0'),
('2b1331be-097c-488c-bdab-e1a86e8813f9', 'Bento ( 2 người ăn)', 'Món ăn ngon, tươi, hấp dẫn', 'bigfood/images/foods/se8wtcebzqmo8hioaykd', 0, false, true, '7e863642-b089-4923-b0ea-67e70bbeaad0'),
('ec583210-ae4d-4f8f-a937-0de91169ed51', 'Bánh kem kem chảy size 12cm', 'Món ăn ngon, tươi, hấp dẫn', 'bigfood/images/foods/zqrinnxjp3rvfwkg2do2', 0, false, true, '7e863642-b089-4923-b0ea-67e70bbeaad0'),
('c9d42971-43c3-4261-8065-836dd5b1c76c', 'Bánh kem bắp trái cây size 14cm', 'Món ăn ngon, tươi, hấp dẫn', 'bigfood/images/foods/o1ujka0giopoxrxesmrt', 0, false, true, '993fb1ce-43ca-4766-8923-b9df42294536'),
('d2600ace-98ea-4695-a29d-3433bfdb6627', 'Bánh kem bắp trái cây size 16cm', 'Món ăn ngon, tươi, hấp dẫn', 'bigfood/images/foods/x9vaby6tpetee9yufxqo', 0, false, true, '993fb1ce-43ca-4766-8923-b9df42294536'),
('45bc2b49-e5ef-4983-a7b2-591ee97982f5', 'Bánh kem bắp trái cây size 18cm', 'Món ăn ngon, tươi, hấp dẫn', 'bigfood/images/foods/hpdrtwilqu3t2v3yf9xk', 0, false, true, '993fb1ce-43ca-4766-8923-b9df42294536'),
('4f3a04e3-b7fb-472a-8e01-41aa70c8371c', 'Bento ( 2 người ăn)', 'Món ăn ngon, tươi, hấp dẫn', 'bigfood/images/foods/se8wtcebzqmo8hioaykd', 0, false, true, '993fb1ce-43ca-4766-8923-b9df42294536'),
('c73df777-36ed-44e6-b291-8adbf3659c1c', 'Bánh kem kem chảy size 12cm', 'Món ăn ngon, tươi, hấp dẫn', 'bigfood/images/foods/zqrinnxjp3rvfwkg2do2', 0, false, true, '993fb1ce-43ca-4766-8923-b9df42294536'),
('f0c254ac-8989-4ec7-9b66-d803122c4023', 'Canh bún tô thường', 'Bún nóng với nước dùng thơm ngon, toppings đầy đủ, vị chuẩn', 'bigfood/images/foods/czbb4dtunagv5mekirks', 0, false, true, 'e1c3267a-ef8b-43ae-bc5c-e43a69c6493f'),
('f9db20f2-bd8a-45ee-b475-38332a9df866', 'Canh bún đặc biệt', 'Bún nóng với nước dùng thơm ngon, toppings đầy đủ, vị chuẩn', 'bigfood/images/foods/tv8okyke1hkbuexe4lqt', 0, false, true, 'e1c3267a-ef8b-43ae-bc5c-e43a69c6493f'),
('4954653f-991f-4345-9e4e-b85985da3e7a', 'Canh bun họp đặc biet', 'Món ăn ngon, tươi, hấp dẫn', 'bigfood/images/foods/glg9dpob55pvupcqzrum', 0, false, true, 'e1c3267a-ef8b-43ae-bc5c-e43a69c6493f'),
('ca75a275-9d82-4164-a6fb-60cbd9cdf024', 'Canh bun họp thường', 'Món ăn ngon, tươi, hấp dẫn', 'bigfood/images/foods/fvrtpjktaf7xsoxgfmo9', 0, false, true, 'e1c3267a-ef8b-43ae-bc5c-e43a69c6493f'),
('62d37d4a-d758-4d82-83ae-a5afd3e9e8f5', 'Bánh đa thường', 'Món ăn ngon, tươi, hấp dẫn', 'bigfood/images/foods/bbirvbbek2n3hdrvvt23', 0, false, true, 'e1c3267a-ef8b-43ae-bc5c-e43a69c6493f'),
('2f6dfbb0-8d9b-4af7-b4c7-5fe26157c027', 'Canh bún tô thường', 'Bún nóng với nước dùng thơm ngon, toppings đầy đủ, vị chuẩn', 'bigfood/images/foods/czbb4dtunagv5mekirks', 0, false, true, '51a6b63d-b81b-429f-a657-6b308c7212a5'),
('6c6f8357-0b49-4afc-8a5d-a740ff86c555', 'Canh bún đặc biệt', 'Bún nóng với nước dùng thơm ngon, toppings đầy đủ, vị chuẩn', 'bigfood/images/foods/tv8okyke1hkbuexe4lqt', 0, false, true, '51a6b63d-b81b-429f-a657-6b308c7212a5'),
('b275b63c-3926-4349-b1e1-f11a8f574507', 'Canh bun họp đặc biet', 'Món ăn ngon, tươi, hấp dẫn', 'bigfood/images/foods/glg9dpob55pvupcqzrum', 0, false, true, '51a6b63d-b81b-429f-a657-6b308c7212a5'),
('a110309b-cdf6-4cbe-823c-0ad22be72562', 'Canh bun họp thường', 'Món ăn ngon, tươi, hấp dẫn', 'bigfood/images/foods/fvrtpjktaf7xsoxgfmo9', 0, false, true, '51a6b63d-b81b-429f-a657-6b308c7212a5'),
('c4243e2a-d5c5-421f-8122-0ab7bfad4898', 'Bánh đa thường', 'Món ăn ngon, tươi, hấp dẫn', 'bigfood/images/foods/bbirvbbek2n3hdrvvt23', 0, false, true, '51a6b63d-b81b-429f-a657-6b308c7212a5'),
('0d61adcf-1078-46c0-b74a-136cfaea97ca', 'Phở Trộn Tam Sắc Gà', 'Món ăn ngon, tươi, hấp dẫn', 'bigfood/images/foods/dhnkvtyt9aid1xje9lpx', 0, false, true, '7a995e5e-282d-4ec2-a787-ebd612985069'),
('40382fb2-07a1-4817-a91b-a152c62804c8', 'Phở Trộn Tam Sắc Bò', 'Món ăn ngon, tươi, hấp dẫn', 'bigfood/images/foods/eard1vxiukblhzbyf8ie', 0, false, true, '7a995e5e-282d-4ec2-a787-ebd612985069'),
('3dfed89f-bcb1-4a20-82d8-064584e1e5e6', 'Cơm Gà Mẹt', 'Cơm gà nóng hôi, thịt gà mềm, nước sốt thơm', 'bigfood/images/foods/crz95fsmyhphwcb4mpsx', 0, false, true, '7a995e5e-282d-4ec2-a787-ebd612985069'),
('46cf1d81-8fd7-4e31-8085-839e42638090', 'Combo Da Giòn/Combo Crispy Fried Chicken', 'Món ăn ngon, tươi, hấp dẫn', 'bigfood/images/foods/k5il8kc1ocuaxayhuojw', 0, false, true, '7a995e5e-282d-4ec2-a787-ebd612985069'),
('5dc84760-693b-4d1e-9050-e4c9e9854695', 'Combo Đạo Gà - 2 người / Combo Chicken Holic', 'Món ăn ngon, tươi, hấp dẫn', 'bigfood/images/foods/hwta8h6fts6lqrvj9mqa', 0, false, true, '7a995e5e-282d-4ec2-a787-ebd612985069'),
('09d193ae-0f95-4e65-9d06-8c6b0e27cffc', 'Phở Trộn Tam Sắc Gà', 'Món ăn ngon, tươi, hấp dẫn', 'bigfood/images/foods/dhnkvtyt9aid1xje9lpx', 0, false, true, '11bb0e39-08ee-4203-80d5-91c5465cce38'),
('c98c19e8-c3ca-45a6-8ebb-6a7cc94232e1', 'Phở Trộn Tam Sắc Bò', 'Món ăn ngon, tươi, hấp dẫn', 'bigfood/images/foods/eard1vxiukblhzbyf8ie', 0, false, true, '11bb0e39-08ee-4203-80d5-91c5465cce38'),
('12878e97-faf8-4dbe-9923-f1a72619a849', 'Cơm Gà Mẹt', 'Cơm gà nóng hôi, thịt gà mềm, nước sốt thơm', 'bigfood/images/foods/crz95fsmyhphwcb4mpsx', 0, false, true, '11bb0e39-08ee-4203-80d5-91c5465cce38'),
('cc27833d-835c-4030-a686-98b76b5d0c7c', 'Combo Da Giòn/Combo Crispy Fried Chicken', 'Món ăn ngon, tươi, hấp dẫn', 'bigfood/images/foods/k5il8kc1ocuaxayhuojw', 0, false, true, '11bb0e39-08ee-4203-80d5-91c5465cce38'),
('d37af834-2a55-4467-ab09-d03dc9fd5c9f', 'Combo Đạo Gà - 2 người / Combo Chicken Holic', 'Món ăn ngon, tươi, hấp dẫn', 'bigfood/images/foods/hwta8h6fts6lqrvj9mqa', 0, false, true, '11bb0e39-08ee-4203-80d5-91c5465cce38'),
('2b416ee9-7af8-4997-8858-b29f1e105340', 'Phở Trộn Tam Sắc Gà', 'Món ăn ngon, tươi, hấp dẫn', 'bigfood/images/foods/dhnkvtyt9aid1xje9lpx', 0, false, true, 'f1b6c762-0dc5-412d-a134-19f2c5d92879'),
('ff27e6e4-f71f-4eb8-b074-fd3c278134ce', 'Phở Trộn Tam Sắc Bò', 'Món ăn ngon, tươi, hấp dẫn', 'bigfood/images/foods/eard1vxiukblhzbyf8ie', 0, false, true, 'f1b6c762-0dc5-412d-a134-19f2c5d92879'),
('8133e057-88d9-4141-8d6a-57b6491d3ca2', 'Cơm Gà Mẹt', 'Cơm gà nóng hôi, thịt gà mềm, nước sốt thơm', 'bigfood/images/foods/crz95fsmyhphwcb4mpsx', 0, false, true, 'f1b6c762-0dc5-412d-a134-19f2c5d92879'),
('9021327b-4e04-4219-9862-b9dc539add64', 'Combo Da Giòn/Combo Crispy Fried Chicken', 'Món ăn ngon, tươi, hấp dẫn', 'bigfood/images/foods/k5il8kc1ocuaxayhuojw', 0, false, true, 'f1b6c762-0dc5-412d-a134-19f2c5d92879'),
('612c1ddd-00bc-46e9-bfa0-d8713e7def2e', 'Combo Đạo Gà - 2 người / Combo Chicken Holic', 'Món ăn ngon, tươi, hấp dẫn', 'bigfood/images/foods/hwta8h6fts6lqrvj9mqa', 0, false, true, 'f1b6c762-0dc5-412d-a134-19f2c5d92879'),
('2af8f4b3-6ed8-4470-b09e-2c670b23de52', 'Quăn bò bằm vị ý', 'Món ăn ngon, tươi, hấp dẫn', 'bigfood/images/foods/df11by8gygfadak3z3ss', 0, false, true, '16622dd2-e3eb-410d-9dee-bb82a2bd488c'),
('cabb8148-a4b6-404b-b483-ced1a9d7398f', 'Nui Bò Bằm', 'Món ăn ngon, tươi, hấp dẫn', 'bigfood/images/foods/tlyaqfkgb0dlzqojyam1', 0, false, true, '16622dd2-e3eb-410d-9dee-bb82a2bd488c'),
('591ea739-8a4f-4129-9a87-8e76d29acb3f', 'Quăn Tuộc Bốc Lửa + 01 Pepsi (Hoặc nước khác)', 'Món ăn ngon, tươi, hấp dẫn', 'bigfood/images/foods/eiftlupyuzkq8cizyrh8', 0, false, true, '16622dd2-e3eb-410d-9dee-bb82a2bd488c'),
('a9a1da18-0b08-467d-b1a4-07f160746043', 'Quăn Heo Beo Béo + 01 Pepsi (Hoặc nước khác)', 'Món ăn ngon, tươi, hấp dẫn', 'bigfood/images/foods/uvfgqy1nsf6pnt9r2tep', 0, false, true, '16622dd2-e3eb-410d-9dee-bb82a2bd488c'),
('bd9a5af5-7071-4f26-9a9c-421e5c24a736', 'Quăn Bò Bằm + 01 Pepsi (Hoặc nước khác)', 'Món ăn ngon, tươi, hấp dẫn', 'bigfood/images/foods/oxw8ok0hjkmlkgzj3vif', 0, false, true, '16622dd2-e3eb-410d-9dee-bb82a2bd488c'),
('f93b9b76-16e0-4d7d-bbda-1545dd8d0a2b', 'Quăn bò bằm vị ý', 'Món ăn ngon, tươi, hấp dẫn', 'bigfood/images/foods/df11by8gygfadak3z3ss', 0, false, true, '378af614-20fa-4d24-aac7-b823f80bc64e'),
('ba076834-a173-43e2-8f9d-c606bbae4310', 'Nui Bò Bằm', 'Món ăn ngon, tươi, hấp dẫn', 'bigfood/images/foods/tlyaqfkgb0dlzqojyam1', 0, false, true, '378af614-20fa-4d24-aac7-b823f80bc64e'),
('4ff0aa95-5730-481a-bde5-43a2a6af8f4f', 'Quăn Tuộc Bốc Lửa + 01 Pepsi (Hoặc nước khác)', 'Món ăn ngon, tươi, hấp dẫn', 'bigfood/images/foods/eiftlupyuzkq8cizyrh8', 0, false, true, '378af614-20fa-4d24-aac7-b823f80bc64e'),
('254867bd-d178-48bb-b3df-4b7561a0ee18', 'Quăn Heo Beo Béo + 01 Pepsi (Hoặc nước khác)', 'Món ăn ngon, tươi, hấp dẫn', 'bigfood/images/foods/uvfgqy1nsf6pnt9r2tep', 0, false, true, '378af614-20fa-4d24-aac7-b823f80bc64e'),
('d4301e23-2f04-447d-9f16-ba7174a3c850', 'Quăn Bò Bằm + 01 Pepsi (Hoặc nước khác)', 'Món ăn ngon, tươi, hấp dẫn', 'bigfood/images/foods/oxw8ok0hjkmlkgzj3vif', 0, false, true, '378af614-20fa-4d24-aac7-b823f80bc64e'),
('53b3e8f5-d39b-4080-957a-fa16ab1981b8', 'Quăn bò bằm vị ý', 'Món ăn ngon, tươi, hấp dẫn', 'bigfood/images/foods/df11by8gygfadak3z3ss', 0, false, true, 'c460f279-2734-42b3-aa09-68ba41b66f72'),
('6596978a-2112-4aee-a8a9-e1fe28b23ad0', 'Nui Bò Bằm', 'Món ăn ngon, tươi, hấp dẫn', 'bigfood/images/foods/tlyaqfkgb0dlzqojyam1', 0, false, true, 'c460f279-2734-42b3-aa09-68ba41b66f72'),
('b96c872c-4b85-4a92-9f08-af63b59d112b', 'Quăn Tuộc Bốc Lửa + 01 Pepsi (Hoặc nước khác)', 'Món ăn ngon, tươi, hấp dẫn', 'bigfood/images/foods/eiftlupyuzkq8cizyrh8', 0, false, true, 'c460f279-2734-42b3-aa09-68ba41b66f72'),
('34b47702-9762-49bb-959f-b1c37f6b6df4', 'Quăn Heo Beo Béo + 01 Pepsi (Hoặc nước khác)', 'Món ăn ngon, tươi, hấp dẫn', 'bigfood/images/foods/uvfgqy1nsf6pnt9r2tep', 0, false, true, 'c460f279-2734-42b3-aa09-68ba41b66f72'),
('d8859578-e364-4d3e-84ec-9508add150be', 'Quăn Bò Bằm + 01 Pepsi (Hoặc nước khác)', 'Món ăn ngon, tươi, hấp dẫn', 'bigfood/images/foods/oxw8ok0hjkmlkgzj3vif', 0, false, true, 'c460f279-2734-42b3-aa09-68ba41b66f72'),
('a518841a-4261-4873-a6c4-4ef9d30ab802', 'Quăn bò bằm vị ý', 'Món ăn ngon, tươi, hấp dẫn', 'bigfood/images/foods/df11by8gygfadak3z3ss', 0, false, true, '02c2407f-1457-4802-9b8d-a4880cb0fb5e'),
('80111d9b-b657-4cd1-bccb-ddbb18b9c504', 'Nui Bò Bằm', 'Món ăn ngon, tươi, hấp dẫn', 'bigfood/images/foods/tlyaqfkgb0dlzqojyam1', 0, false, true, '02c2407f-1457-4802-9b8d-a4880cb0fb5e'),
('b8b0c084-84eb-4958-8928-9ef6e599492b', 'Quăn Tuộc Bốc Lửa + 01 Pepsi (Hoặc nước khác)', 'Món ăn ngon, tươi, hấp dẫn', 'bigfood/images/foods/eiftlupyuzkq8cizyrh8', 0, false, true, '02c2407f-1457-4802-9b8d-a4880cb0fb5e'),
('082f8d9a-f90a-4b9e-9997-5e33f3b521d2', 'Quăn Heo Beo Béo + 01 Pepsi (Hoặc nước khác)', 'Món ăn ngon, tươi, hấp dẫn', 'bigfood/images/foods/uvfgqy1nsf6pnt9r2tep', 0, false, true, '02c2407f-1457-4802-9b8d-a4880cb0fb5e'),
('54188e58-13f3-46a9-8b93-61ebe1047a9c', 'Quăn Bò Bằm + 01 Pepsi (Hoặc nước khác)', 'Món ăn ngon, tươi, hấp dẫn', 'bigfood/images/foods/oxw8ok0hjkmlkgzj3vif', 0, false, true, '02c2407f-1457-4802-9b8d-a4880cb0fb5e'),
('1587c420-1e8a-4075-8710-ff4beb93944a', 'Combo Tỉnh Táo', 'Món ăn ngon, tươi, hấp dẫn', 'bigfood/images/foods/v1yqhdiiibscniv2casz', 0, false, true, 'b48b400f-b95c-4b29-979f-78426305eed6'),
('9ee4bf4b-3722-49b9-afec-746c2400b671', 'Combo Wake Up', 'Món ăn ngon, tươi, hấp dẫn', 'bigfood/images/foods/askqhpjqrvglhprpchj6', 0, false, true, 'b48b400f-b95c-4b29-979f-78426305eed6'),
('34030a3a-6398-4895-9030-da2276de9aba', 'Combo Ấm No', 'Món ăn ngon, tươi, hấp dẫn', 'bigfood/images/foods/timobg6whsgq47s7merd', 0, false, true, 'b48b400f-b95c-4b29-979f-78426305eed6'),
('115a41df-4431-4e18-b9ba-933e109e9e79', 'Combo Siêu Ấm No', 'Món ăn ngon, tươi, hấp dẫn', 'bigfood/images/foods/vktb9oo9bksebxzpwtow', 0, false, true, 'b48b400f-b95c-4b29-979f-78426305eed6'),
('667dc23f-83bd-47bd-97be-b8a65eb46aa0', 'Combo 2 Bánh Mì Nướng', 'Món ăn ngon, tươi, hấp dẫn', 'bigfood/images/foods/wsgl2dadnrtnmnh3rjsc', 0, false, true, 'b48b400f-b95c-4b29-979f-78426305eed6'),
('05a04681-6de6-4bcd-b07d-193d53210ba7', 'Combo Tỉnh Táo', 'Món ăn ngon, tươi, hấp dẫn', 'bigfood/images/foods/v1yqhdiiibscniv2casz', 0, false, true, '67740ef8-9605-4167-9b34-6323e6b512f7'),
('a6b8bf7e-0a85-4529-87d8-a23d5f0b468d', 'Combo Wake Up', 'Món ăn ngon, tươi, hấp dẫn', 'bigfood/images/foods/askqhpjqrvglhprpchj6', 0, false, true, '67740ef8-9605-4167-9b34-6323e6b512f7'),
('8487163e-66b8-4798-bcdc-0a5fdcf72d1c', 'Combo Ấm No', 'Món ăn ngon, tươi, hấp dẫn', 'bigfood/images/foods/timobg6whsgq47s7merd', 0, false, true, '67740ef8-9605-4167-9b34-6323e6b512f7'),
('9dddfe5c-b366-441e-94ba-7da3c2441731', 'Combo Siêu Ấm No', 'Món ăn ngon, tươi, hấp dẫn', 'bigfood/images/foods/vktb9oo9bksebxzpwtow', 0, false, true, '67740ef8-9605-4167-9b34-6323e6b512f7'),
('d4069643-d6d7-48a6-8539-43b4c0d1de6c', 'Combo 2 Bánh Mì Nướng', 'Món ăn ngon, tươi, hấp dẫn', 'bigfood/images/foods/wsgl2dadnrtnmnh3rjsc', 0, false, true, '67740ef8-9605-4167-9b34-6323e6b512f7');

-- STEP 7: Tạo food options
insert into food_options (id, name, price, is_default, food_id)
values
('73a03f91-fdec-43fe-9432-ef6998035602', 'Mặc định', 65000.00, true, '3380cf83-c61f-4693-b4d8-2f6cee094824'),
('d0309862-0203-4d70-b975-05ba0a3262a2', 'Mặc định', 65000.00, true, '8873b05d-9360-4e15-a1a6-0eedddfb9a54'),
('44f3ebbf-bc74-4992-aa5e-c90ece5f8cb2', 'Mặc định', 130000.00, true, 'efc6c7f0-62ed-4132-93bd-bdc2aebce081'),
('a041f9d0-37a2-4538-bf8c-fc38397d3444', 'Mặc định', 80000.00, true, '9dbbdfa8-a369-49f1-a325-2cdf4514deed'),
('e96f8ff9-332c-456c-9627-42778fd18f4f', 'Mặc định', 160000.00, true, '77751220-094b-491c-a17f-6d55b6c4aeb9'),
('bd541b8b-6040-45f8-b304-8cd99b4e1260', 'Mặc định', 65000.00, true, '7f11af15-d344-4a9b-af47-aed81ce91404'),
('201c1ac1-540b-4bd0-85c9-94626af672ee', 'Mặc định', 65000.00, true, 'f8da46e5-c6ed-446d-811b-3fabff71cdf7'),
('b26e24ae-e7ba-412d-b474-68789ae5ad82', 'Mặc định', 130000.00, true, 'adb13daf-f277-40b0-bf24-42dde01ff691'),
('2f186cd4-7634-433d-9b8c-9da508528ea8', 'Mặc định', 80000.00, true, '41f8ce0a-86ef-46c7-ac1d-6ba2ecfa34d6'),
('2b53fa82-156f-4b20-a7f7-e933671ed9ae', 'Mặc định', 160000.00, true, 'add591cc-9244-449c-b3d4-e04d64f5db68'),
('a7fa55e7-9558-49e5-ae81-d288b4fe1ae2', 'Mặc định', 235000.00, true, '80cebf83-8079-4411-bc33-ee11cc0147ae'),
('f9ff6dc6-d287-4a5c-a783-6d1e6e143f88', 'Mặc định', 455000.00, true, '2d8fc1b9-7c93-4394-8d6a-90cc51882d3f'),
('37df2d28-cf4f-4f7a-9efd-e7d700c177e6', 'Mặc định', 325000.00, true, '4796c8ea-2d2b-468e-a3a8-3f1059acdad5'),
('07933027-9b72-4af4-bbec-49bf7f780430', 'Mặc định', 335000.00, true, '313b7ece-c947-43ac-bf09-398e0a220faa'),
('03550349-1473-449d-94bb-637e245e697f', 'Mặc định', 235000.00, true, 'fd004211-ce39-4b9b-b038-29794cffbbe1'),
('cf2f7545-51d2-485c-8617-b90e9581c18f', 'Mặc định', 235000.00, true, 'ad5b2fd8-b882-4b89-8be2-e72d0f344884'),
('3526f584-1f42-4180-b0e3-cbe1b55e6058', 'Mặc định', 455000.00, true, '7afe380e-6eb8-46b1-a86c-4bd07cc1125c'),
('50b86e35-029a-4f38-84fc-7589bc2840ee', 'Mặc định', 325000.00, true, '387f685c-3581-4b4e-9005-c9479425a739'),
('83f2d5d4-330f-4ff0-b0c9-ff0e30cacfe9', 'Mặc định', 335000.00, true, '35f2b06c-62ac-4c59-a664-2df6be17e6a1'),
('9f74840c-2ddc-43f1-97bb-b44eced66d4d', 'Mặc định', 235000.00, true, '5aa4c744-4e1b-45e8-8dad-053913e2db3d'),
('03e8641e-ffb5-4a9a-a4f7-0c405a633d0b', 'Mặc định', 235000.00, true, '68f3d58e-064f-47aa-94ab-5cf48829da50'),
('f3ef2629-a165-4e61-8934-b0c56c424182', 'Mặc định', 455000.00, true, 'd1f8a31c-37cf-4d5a-9e51-aae2b23fbd2e'),
('58881ca4-b2eb-4369-be57-22df05cfbc63', 'Mặc định', 325000.00, true, 'e52d0186-f1ea-4f45-897d-84e1ec1ea70a'),
('1ee3b720-4008-4185-b721-cb8c056cb5b6', 'Mặc định', 335000.00, true, 'c44a0da1-e057-4f55-bc42-6257d35a272a'),
('fc5ebd2f-1a36-4ab7-988a-190062646eed', 'Mặc định', 235000.00, true, '95158fc5-c160-4cb3-b8fe-d3f35b47d66f'),
('f9ac2349-aa49-4dfd-8f55-072bcc756bc8', 'Mặc định', 235000.00, true, '73ffa29c-2f0b-42db-9d1d-29e1e368f4d9'),
('f8e39e7e-bc08-4381-b6d4-6d968a442ebe', 'Mặc định', 455000.00, true, 'ebe22061-f9d0-4021-8e76-3ce2fcb73e13'),
('a96c19a4-9fa3-4170-914f-1ac2d4d0df56', 'Mặc định', 325000.00, true, '0db614aa-7519-4f28-b3a3-793a772761f5'),
('5d7aa4b1-d561-4578-98b9-69ffd91c3b07', 'Mặc định', 335000.00, true, '632762dc-e356-4db3-a44a-2f7d3aa98b14'),
('75139e9a-5535-421f-ba4c-14185e5ee586', 'Mặc định', 235000.00, true, 'e2417a94-7a58-4629-a9df-f64a62bb3b06'),
('a226de11-5b2f-4629-a34f-cfd5ef29e688', 'Mặc định', 20000.00, true, 'f57ad62f-9757-400c-9794-8f1bf23f22c7'),
('c8bc1658-f22b-48dd-b22f-fa845fd807ad', 'Mặc định', 20000.00, true, '07a5154b-ff56-4f7c-810c-b207139ca8ce'),
('44b3ae6b-263b-4239-a9cf-74c0cb0d3847', 'Mặc định', 20000.00, true, '60249f5d-0f03-4df6-9286-bfb327dfe9f6'),
('1274a857-2fe4-4af9-baf0-0d51e00035a1', 'Mặc định', 20000.00, true, 'a0758add-73dc-4826-bc90-0ea636aa53c5'),
('ae3abf7b-cc55-41a2-8275-5b937fb7afea', 'M', 20000.00, true, 'ae0bec40-6154-469b-b260-82f5d0180a92'),
('fcee87ef-bd13-4bdf-bc58-bc8541f1a6f8', 'L', 25000.00, false, 'ae0bec40-6154-469b-b260-82f5d0180a92'),
('b945d8f2-9a27-44ca-b523-1cd596c3d05c', 'Mặc định', 20000.00, true, '8c50967d-d32b-4254-a93d-b53cf6fe1cb2'),
('7e5e5b80-2fd5-4bb3-91e2-7086998af156', 'Mặc định', 20000.00, true, '09b0f834-65a5-47e2-853c-dc562afc1b31'),
('6b4e6a02-c1a8-47dc-b7f7-9fea8234264c', 'Mặc định', 20000.00, true, 'fca15874-3d87-4c80-adfd-473fd4d5d6c7'),
('7999265e-8b09-49a4-8729-d71c0933b2ff', 'Mặc định', 20000.00, true, '4ea20b2d-dc77-4052-8cf9-c66ae28f983a'),
('036d00ae-ce79-41bc-ae79-01650c3a5e6e', 'M', 20000.00, true, '17713fd8-05db-480e-9940-f14a0f31993b'),
('c6d3e39b-9f58-49cb-94d7-903e8a36b574', 'L', 25000.00, false, '17713fd8-05db-480e-9940-f14a0f31993b'),
('69349fc1-0339-4efe-bbd7-93018087661b', 'Mặc định', 20000.00, true, 'e825254d-78f5-4586-a0e1-424a09fe4e0f'),
('d237af76-4aba-4e87-98d0-194081a0b73f', 'Mặc định', 20000.00, true, '260cbade-173c-4f4c-9452-4700d8aa5676'),
('546ec15d-ace6-4765-b280-812d50ea6126', 'Mặc định', 20000.00, true, '1ebf71cb-14d8-4345-8f1d-e23de0b70855'),
('298e0309-83d7-4c42-9bd2-1b364dc3e206', 'Mặc định', 20000.00, true, '3f51ddc3-c13e-4276-9c6f-cbf8bfa6329a'),
('c0a94c68-46ab-43bc-9bed-3991c815c8ef', 'M', 20000.00, true, '31ca9d9b-732e-440c-b963-9b6314c42787'),
('735319c5-44e8-4fe5-9b3d-0d3bf81160ae', 'L', 25000.00, false, '31ca9d9b-732e-440c-b963-9b6314c42787'),
('3ac9fccd-ee1e-4d28-9876-66d849b1070a', 'Mặc định', 237500.00, true, 'f4fcb084-4331-4fc4-a87c-8999506ba0db'),
('4a3acd68-9a94-431a-85ec-8e58a1c60bcb', 'Mặc định', 260200.00, true, '7e293ff4-3e78-4627-abe6-c5c11ff8d86e'),
('82229b00-6e6d-4f8c-9aba-9e0442a084d1', 'Mặc định', 20900.00, true, '90305049-5623-42a1-9f85-ae242b1c7efe'),
('d9f08cec-2929-4c20-a538-71869be71450', 'Mặc định', 237500.00, true, '0d61026c-00f2-4068-8381-96278bc6e3cf'),
('77930f1e-0d18-4da4-bfb7-7db952157cab', 'Mặc định', 260200.00, true, '21fd6286-7d27-4311-a51c-5a842fcbc753'),
('11d940bc-a45b-413b-b4f3-a0f44e6ce412', 'Mặc định', 237500.00, true, 'acd965e6-0f7c-4d3a-99e4-129294194573'),
('0780e2ac-af10-41f1-a631-ef0c30e39810', 'Mặc định', 260200.00, true, '91498929-9fcb-4464-a0c8-ab319cdf1e1e'),
('f6da778e-ed08-479a-af28-596dbc7b4061', 'Mặc định', 20900.00, true, 'f5e60663-e10a-493a-bcef-309f46d6dd0a'),
('721b4149-e639-4a6a-8685-db7350df4ce7', 'Mặc định', 237500.00, true, 'ca3f7804-261b-4f54-8ce1-717bb4425b63'),
('6b1cf0d3-c984-41e1-911c-07f3f79ff85b', 'Mặc định', 260200.00, true, 'bccae096-bc03-4fab-995d-76dee1b19bbc'),
('2923671f-ef6c-495b-a419-4ab37d4a14fd', 'M', 40500.00, true, '93f87b95-c65c-416e-bc6f-973553713b00'),
('64730b5a-8984-4452-ad8d-f312bd81f335', 'L', 45500.00, false, '93f87b95-c65c-416e-bc6f-973553713b00'),
('d57807ee-2e90-4500-9933-2f989716177c', 'Mặc định', 33000.00, true, '2198be02-d167-470f-b1a6-bcff0a1deb2b'),
('a031e0fe-6bb6-4b56-801e-0689ba71ab30', 'Mặc định', 40000.00, true, 'e30a9100-5b03-4bae-bfd6-e3114ed2f976'),
('3ad6ca9a-723e-4f93-b849-0b5a18d1148d', 'Mặc định', 45000.00, true, '089c983d-805b-4a99-a8fd-6cbea9cb2ac1'),
('d32b2a66-204b-459b-9928-3a1c78b4b1f1', 'Mặc định', 33000.00, true, 'c96cfe6c-cdc8-453d-8fec-70038cd5091f'),
('70ab3ce8-5a24-40d1-a4cf-86b30dc32857', 'M', 40500.00, true, '50c120e3-3a75-4448-9aed-1771d1860ffb'),
('ab67c5f2-7da8-4493-9455-7adfba0b00e6', 'L', 45500.00, false, '50c120e3-3a75-4448-9aed-1771d1860ffb'),
('73d1f21d-a876-4d60-ba29-6b416d117d92', 'Mặc định', 33000.00, true, '22fa8dec-bb36-4760-ad71-f176b0f3cda9'),
('4c511454-b4ed-47bf-b78f-da07722a59f1', 'Mặc định', 40000.00, true, '640b9fe6-9abb-4a1f-8225-09ffd3fe5a60'),
('73fd2a6c-d266-4712-8ca7-27124d7c6c10', 'Mặc định', 45000.00, true, '8704abbf-833b-4781-9ebe-d349e3186606'),
('61c202f0-4ae0-4cda-a426-f0fe8f0f8d24', 'Mặc định', 33000.00, true, '7732559d-171b-4fa8-904f-a1924d01ad36'),
('03b9d3ec-a3d1-4cf2-a306-ba17cb56b723', 'M', 40500.00, true, '65d4b68a-0365-4bc1-b5c3-0c7b7c1997d1'),
('2656b927-5e6b-41c2-9bc5-f896cac87196', 'L', 45500.00, false, '65d4b68a-0365-4bc1-b5c3-0c7b7c1997d1'),
('ba9df8ee-8699-4726-b749-9a4878646ff5', 'Mặc định', 33000.00, true, '89a82145-bee5-4aab-9782-7b5a149ce39d'),
('62eb9829-eab6-4df3-9bb9-1e930dbdbf97', 'Mặc định', 40000.00, true, '1f659818-154a-4fb0-b892-788074276b44'),
('99f55b8c-ff46-478a-b621-6f2990624a1d', 'Mặc định', 45000.00, true, '10d37c94-6b7a-401a-a805-37337f25f4a8'),
('4506799b-8f93-4b9e-9970-475a9225fce7', 'Mặc định', 33000.00, true, '62289268-9bee-4957-bb69-9307ce3b5782'),
('66ff55d7-8a4d-4ce0-802a-2804b5bce082', 'M', 40500.00, true, '8ef5da3f-3111-47b7-86d9-1709aba35596'),
('a1417c53-143f-4d3b-9b36-c64506f2a7f4', 'L', 45500.00, false, '8ef5da3f-3111-47b7-86d9-1709aba35596'),
('745ca948-afde-4f3a-af72-0a692437a147', 'Mặc định', 60000.00, true, '90ba0e01-7561-44c5-9445-92370e878273'),
('dbb83758-ade0-42a4-b78f-9be93ee0fe51', 'Mặc định', 95000.00, true, 'baa2b738-e1df-4621-96ba-122f097c4b30'),
('3bc17f30-bb04-4a2a-81a1-e5b428401301', 'Mặc định', 60000.00, true, 'ec3dbe3c-c5c5-4f6c-bc49-75d264fcf38a'),
('a3af0438-f666-4c44-b6b4-15a0779f2188', 'Mặc định', 60000.00, true, '118c7e7f-480e-4158-ab91-5aa993d4b84f'),
('1f775bef-e478-421e-95cd-74b0876f323e', 'M', 40500.00, true, 'c42bba46-2318-48fc-bcd4-1fc3562534f4'),
('659130df-dc4c-4ca7-87ad-2b8567d44904', 'L', 45500.00, false, 'c42bba46-2318-48fc-bcd4-1fc3562534f4'),
('a223ed2e-5cfb-483f-9621-51b15b236f03', 'Mặc định', 60000.00, true, '95b75d77-91df-46e5-a48e-0d70cc0f6adb'),
('2b5f5156-b764-4f91-a29d-7f59f9b4273d', 'Mặc định', 95000.00, true, '866ee23e-b83e-4685-ac0f-aa8e1739772d'),
('b3a5f935-73fa-4528-806c-4c0b0b61312d', 'Mặc định', 60000.00, true, 'ceb0296a-a140-4989-be73-994ea7d9c6d2'),
('9e11e080-df41-498d-943d-e1d78522194e', 'Mặc định', 60000.00, true, '65bcceb0-0c2b-4b8c-96dd-0be0b1220ee7'),
('2b751c66-1da6-4c3e-813e-892daa08202a', 'Mặc định', 41800.00, true, '529bf3ce-d95c-4a9b-8763-b93f0af34c77'),
('5bd39fa5-a33f-446c-ade0-adc32a8c3ef7', 'Mặc định', 59850.00, true, 'fcd99794-f0c6-4a18-a6e0-bd8ad0ca780a'),
('d43cd171-7623-4c8e-a10d-67b89c900287', 'Mặc định', 70300.00, true, 'e90a8df6-d5f8-49db-a955-b302d4df952e'),
('8fc93120-33ba-4459-9229-ff762d0b44ef', 'Mặc định', 38950.00, true, 'b28e92ed-6586-4c8a-974e-c0903bfae259'),
('a0fcc225-7422-4b82-96c5-8dced4aeb5d8', 'Mặc định', 41800.00, true, 'c0763827-3d8b-4285-8e49-3d9c833b265a'),
('de8b4258-cbbd-4431-be8d-db50ce9ca9aa', 'Mặc định', 41800.00, true, '18281283-9aa5-4391-b4cf-038e332bf516'),
('2355a8f9-f95e-4d23-85fd-77dcb3339c0f', 'Mặc định', 59850.00, true, '7682fe9b-cd2e-4731-a618-e3519146c57d'),
('63cccd5f-316b-45ec-8993-71526423fb94', 'Mặc định', 70300.00, true, '6931f03e-0b36-4dfa-94dc-31d103a25a60'),
('adb002e2-a8df-4241-9b66-dd6bcde67c5d', 'Mặc định', 38950.00, true, 'a4146c1c-d568-48f7-abbb-d1525f29d0e1'),
('e693a624-4a53-4aba-9c69-e339792fa0d0', 'Mặc định', 41800.00, true, '7445e6df-5991-4d24-9229-d3f69c3dabc5'),
('92978260-5823-40ae-b144-4bb7ffec6f71', 'Mặc định', 41800.00, true, 'ae7d5556-4a3b-4c0e-b380-56ed6ec27705'),
('a46a854a-5d72-46be-9b96-090c28ce1ab6', 'Mặc định', 59850.00, true, '04064052-d257-405b-befc-aba0cb518798'),
('a809f904-bd17-4883-affe-9651cd98589f', 'Mặc định', 70300.00, true, 'b6db9ae9-75f9-4060-8141-0f258c182248'),
('0097f8d7-b531-4f2c-ba29-cb978af39f0e', 'Mặc định', 38950.00, true, 'f54f038f-3c07-43b1-be7b-dac9b802da40'),
('b176b7cc-41e5-4dcd-b9ea-e513e19bf4dc', 'Mặc định', 41800.00, true, '30304e39-caca-4669-920e-b8c8bb7decef'),
('5aec8c2a-db5a-48f1-b0e4-3cc7a3eeb76d', 'Mặc định', 25000.00, true, '18b3b3ae-e4ab-49d0-a163-38d312c05f26'),
('317664c0-db85-45b5-aa21-cc56a8f4b350', 'Mặc định', 33000.00, true, '06d2984e-52ff-4d07-be33-bc1315110dfd'),
('73d1ec26-5144-4267-9731-3c53ee55b773', 'Mặc định', 24000.00, true, '5f415560-10c7-4dfd-b0fc-f0b5e892c0e3'),
('e4c5c85f-220f-47da-bb00-bc793db66ee2', 'Mặc định', 24000.00, true, 'e10ca57d-7242-41bf-96ec-220cbf805c5f'),
('12d31a7d-5e1e-4018-b19f-4752b219b5f5', 'Mặc định', 38000.00, true, 'eea29689-6b6d-4cf5-ac7e-8ae875dc5c29'),
('b1cc5ad3-078e-4f07-b956-b131f5b5438d', 'Mặc định', 65000.00, true, '41a01cc1-5d1d-46e1-a9aa-e5215c7e1e70'),
('09f823fa-ccfb-4f69-b74b-8d8ffdbf4b24', 'Mặc định', 65000.00, true, 'cf9b2b2e-3954-4935-bf0a-9d0836f62618'),
('037f39ef-6acc-4471-91e4-f79ed36a7ea4', 'Mặc định', 58000.00, true, '7d33001a-2f53-4fcb-995f-4cb1c9f8b440'),
('71e37d42-cbf7-4eab-acef-112632df4ca9', 'Mặc định', 75000.00, true, '914c4eff-732e-4491-b315-41e36a4c0ed3'),
('bd344dbe-30b7-4b02-81a4-d8e0b9d57a49', 'Mặc định', 53000.00, true, '75617e6c-76c7-4784-ad97-cc5a4423cf5e'),
('17c23a4d-1d27-4c4e-aea4-11f9b04af639', 'Mặc định', 12350.00, true, 'a2402aa3-a150-41f9-9b26-c46acdc003da'),
('e2f35f54-82b5-4917-bc67-3f255ba370a8', 'Mặc định', 10450.00, true, 'aa1a0955-6e33-450e-9e8a-e5e6d512ebf5'),
('8e9f84e4-fdb8-43c2-9a82-aa0076052875', 'Mặc định', 11400.00, true, 'b6125df7-b22c-4f01-b4c9-fc4bd3802486'),
('2042a388-5032-4ea4-8108-5ce9a20e9475', 'Mặc định', 31350.00, true, '849f950a-2f78-4e5a-9384-60a36d9c9aa4'),
('b2c7f635-2c5e-450b-b5f8-58bfc6f990b9', 'Mặc định', 23750.00, true, 'e6247fa7-f00f-48de-9349-2e85b2979a7e'),
('e23035e7-31bb-411b-b1e9-5f4f08443361', 'M', 42000.00, true, '93d047d5-ca0e-4a44-a72f-126325506aac'),
('4cf3a0c4-8a3b-4258-994d-4448747a202b', 'L', 47000.00, false, '93d047d5-ca0e-4a44-a72f-126325506aac'),
('42b12d35-ecee-4339-8141-338c09f171b5', 'Mặc định', 55000.00, true, '6d285676-eabb-49c6-85d1-58ad56a41bb9'),
('96ca22fc-5683-498c-bfe4-c6e521204693', 'M', 42000.00, true, 'cf8d4a92-3ef5-42b9-ab77-6d5eb1f6961c'),
('842c22cd-5e7f-4be7-b1aa-8ea5597a8e39', 'L', 47000.00, false, 'cf8d4a92-3ef5-42b9-ab77-6d5eb1f6961c'),
('38012f56-8de8-4416-afaf-45926cc4da0f', 'Mặc định', 55000.00, true, '78a0bc38-64b3-4e3e-817b-fe501890b3ec'),
('62c77984-c028-4006-b7e1-db170a82a762', 'M', 33600.00, true, '02289053-b07a-4d8e-a9fd-717e8f17acce'),
('05179caa-6bca-4973-9665-5faffece1c9d', 'L', 38600.00, false, '02289053-b07a-4d8e-a9fd-717e8f17acce'),
('bb377f25-4a5c-4ee7-97c4-a9d429fd5bfe', 'M', 42000.00, true, '12c9f154-93a1-4b34-80a2-b94cd95fb341'),
('e5578b8f-a2fc-48a8-a188-1b668e89ecc3', 'L', 47000.00, false, '12c9f154-93a1-4b34-80a2-b94cd95fb341'),
('d77cc84e-15c3-427d-95c5-a7b6c73a0aef', 'Mặc định', 55000.00, true, 'a3c0fac6-58d2-46ff-8b84-8910e35b0870'),
('ba868907-e05c-479d-82c9-2e039c5dacbb', 'M', 42000.00, true, 'c7d1943a-6cb7-42af-be28-5b3dcb13c1e4'),
('4d368670-02f2-4f8f-8807-ebdb05e6e638', 'L', 47000.00, false, 'c7d1943a-6cb7-42af-be28-5b3dcb13c1e4'),
('256b8801-9c21-4bae-a191-2b4d561633eb', 'Mặc định', 55000.00, true, 'fa48a53a-5541-45fe-a481-7f8345346643'),
('c3536925-a410-4174-9882-301c96c11603', 'M', 33600.00, true, '9b29f73b-805c-4b08-9176-22fb78a17f01'),
('9a92c77c-4180-4060-aacc-e0852538962f', 'L', 38600.00, false, '9b29f73b-805c-4b08-9176-22fb78a17f01'),
('0f1b4de0-afb7-4a3d-a8fc-b8a7f8bb8b1e', 'Mặc định', 62100.00, true, '84c96471-9b7f-450b-bad5-eaa00b06e642'),
('691162c7-5610-4d03-a951-2374e71e448e', 'Mặc định', 62100.00, true, '51299b86-0ec2-49e1-bc2d-b532b6f4b743'),
('74e569e8-8c75-4953-9029-ac61fcce329c', 'Mặc định', 62100.00, true, '206bc0fa-1949-44f0-a082-5a5c0a7d2aab'),
('70065677-dab6-4e5d-a9bc-5f38cf07f60c', 'Mặc định', 62100.00, true, '58bf4e74-6c28-4c72-bc60-6e0c6155f480'),
('d9983580-a181-4a9a-a9e2-6e7c9a829774', 'Mặc định', 62100.00, true, '596c4ee1-80ca-40a8-bff7-a0e49b07719e'),
('6aebfe85-05c4-4c66-acb4-dfda348175ec', 'Mặc định', 62100.00, true, 'd8e988a2-90eb-44f3-a0ee-bc433deb0643'),
('f6c077ba-c9e0-47ae-94f5-cd3dfb676338', 'Mặc định', 62100.00, true, 'abcaa83d-15cf-45a5-b442-5cd775e1a8ef'),
('061dbbf5-01d9-4e9d-b40e-9285ef1ba890', 'Mặc định', 62100.00, true, '4cc59dfb-b090-40ee-9030-2443b0989d55'),
('1a0bed7e-8c53-47e4-81b9-42e3bd8c4e32', 'Mặc định', 62100.00, true, '2b3d3096-574b-49a6-851f-de58060b49ff'),
('0e0c01af-efbc-44d7-9f60-acac7a7e96bf', 'Mặc định', 62100.00, true, '57ddf194-c6ca-4926-a333-55546062670b'),
('0941b0d6-69dc-4e7f-970f-955996848257', 'M', 49000.00, true, 'f47bf56d-addd-4e16-84aa-8b57a7795353'),
('423763cc-f011-4250-bbca-6448e4251a87', 'L', 54000.00, false, 'f47bf56d-addd-4e16-84aa-8b57a7795353'),
('d9d2112f-2b75-4517-a81f-8f35f8a4b14b', 'Mặc định', 49000.00, true, '034fdc9b-285a-4bec-835f-ccd684bce3fa'),
('4a93049c-7def-4e7e-aa6a-13a1e13059ae', 'Mặc định', 49000.00, true, '20a66235-f10e-4b76-9bd0-7104f2f3f0be'),
('34ec74c5-9134-40af-8b8e-a3285e25e077', 'Mặc định', 49000.00, true, '07376d4b-e3b8-4afb-9567-30e756f88854'),
('18104572-58d8-41f1-8c13-44a23a0b3c8b', 'Mặc định', 49000.00, true, '29526387-02b4-4ab8-aba9-44f26f7823c1'),
('4118da13-3c6e-407d-9184-b6ce71913f01', 'M', 49000.00, true, 'd2270010-459b-4672-9c52-579e13d49b69'),
('ed2cb6ec-aec2-421e-bc50-fbb718a62eb2', 'L', 54000.00, false, 'd2270010-459b-4672-9c52-579e13d49b69'),
('4623f348-638e-4f02-8cd1-e6a3f27b0d4c', 'Mặc định', 49000.00, true, '50b581f5-e932-44c3-8d0e-966475d22940'),
('7f7cec16-4cf8-4855-801c-278b2ef47225', 'Mặc định', 49000.00, true, 'd35b926e-91c3-4132-80fe-14315a335a27'),
('cb3a5f81-326c-44d2-8abf-88648dfe2dd3', 'Mặc định', 49000.00, true, '00bb797b-87b4-49bb-9f6c-cd69016fe009'),
('661bf326-a925-446e-8f3c-0a05a898f804', 'Mặc định', 49000.00, true, 'd546a9b2-eaac-4229-9d52-3c5d141c3b61'),
('1a38f1c4-a66c-40e9-9af3-1ace05ab8110', 'Mặc định', 1.00, true, '7a9fd553-1c35-4a5d-9f04-4fa34f16ce0c'),
('1ced3291-2afb-48df-9d30-61c543625285', 'Mặc định', 1.00, true, '8c2627af-34b5-440d-af83-c8879454b60c'),
('0beda871-1d25-4454-919f-c65880c49b5e', 'Mặc định', 39000.00, true, '32070563-0301-478f-9696-19ac13861879'),
('3ea72bb2-58e7-4bee-bb82-e17546849d81', 'Mặc định', 39000.00, true, 'bb0f519a-ca38-41ab-b825-922a5cfe0abe'),
('57dc2dfb-e870-4f45-9ca3-80df5e7ca33b', 'Mặc định', 49000.00, true, 'e3ae5985-f15e-4758-b549-fc87bfea4d10'),
('c2038e97-6909-4874-bf83-347a673be05e', 'Mặc định', 1.00, true, '1e1eef8b-c936-432a-91e7-862f5a6f1e22'),
('f2b235ae-d7e9-4dc9-99e5-6fc4ddb0d802', 'Mặc định', 1.00, true, 'f0935d05-1b18-47eb-95a7-baca87e42eba'),
('12fb0bc9-4df1-4a94-9a85-bef0222f7b3e', 'Mặc định', 39000.00, true, '250aa062-83d8-451d-943a-b36eedc3be46'),
('5f0cb125-a780-4786-9280-84c157b0393d', 'Mặc định', 39000.00, true, '912c52be-4742-40d1-a00f-63abfce0814c'),
('0270e6d3-859a-48ac-93ca-b719a93163b7', 'Mặc định', 49000.00, true, '25492263-0ac1-484d-811b-17001f6ae3b2'),
('1432d0c1-b4db-4624-9d63-27f76d7e0a62', 'Mặc định', 1.00, true, 'a4c5eaf3-c699-4544-8b6c-2c2642b61c4f'),
('c4545e49-055a-4bb7-a4dc-535e920501a8', 'Mặc định', 1.00, true, '5faf9abc-c82e-4d48-9df8-16e72a5dc9f2'),
('2e0f5bc2-ad6c-47c1-a7b0-8912d85838db', 'Mặc định', 39000.00, true, '074d1938-696b-4f8f-996f-3b5d61e0ad77'),
('70a5abb5-4b08-49d9-a596-8272f22e545e', 'Mặc định', 39000.00, true, 'a6244560-5261-436a-a194-dde45423298d'),
('6cadda52-8af9-474b-8130-cfe71f44bcf2', 'Mặc định', 49000.00, true, 'b8240a91-abe7-496a-a31a-727db30a085e'),
('c1950e41-31be-43bf-93ed-102804565c1e', 'Mặc định', 60000.00, true, '71333614-b95b-4a02-8f0f-2a37eebda8f3'),
('a8de5103-3371-4814-902f-df9ab8a80801', 'Mặc định', 60000.00, true, '0e608fe0-20eb-413c-aca8-87bf32e454c2'),
('1dced220-bf6b-41fe-87a3-d2fbb37dc007', 'Mặc định', 32000.00, true, '427fb53e-1acd-4385-b9a9-08889fbe6548'),
('f3db598a-8b63-426b-9842-960c2218247d', 'Mặc định', 38000.00, true, '559a1a6f-55d5-44df-989d-d93866e28285'),
('9b762851-3493-41df-b7f3-bd4cfeff0462', 'Mặc định', 49000.00, true, 'af21997d-478f-4dc5-91c6-074796d9df95'),
('925b58c8-5057-4b43-99fa-7ccbece3a1d0', 'Mặc định', 60000.00, true, '7b6500e2-a66a-4a4f-9ea7-ff7e33aad2f7'),
('e90416c6-1bd2-4340-b50e-b4e1bcbf7c28', 'Mặc định', 60000.00, true, '870fac10-b7d9-4da9-82f7-686f9c378a48'),
('bc06caad-f6bc-4078-931b-dc14604225bc', 'Mặc định', 32000.00, true, '4cd47f19-a103-4261-95e9-c7e4b6e8929a'),
('8853b4f2-4c64-40dd-8370-c152814cee60', 'Mặc định', 38000.00, true, '5039ac4d-38c6-41a9-ab74-e30d1d8bc959'),
('1dc027d7-39d9-4388-ad02-dc0244c7083a', 'Mặc định', 49000.00, true, 'fb65b2a6-962e-40c4-98ae-5d38fff636a6'),
('7fe6a3a5-f97b-48bf-b4ab-547328db49b5', 'Mặc định', 90000.00, true, '57608835-8424-4ea5-9831-28b12d8081ae'),
('277594ba-204b-44ce-9176-0a1c0425e894', 'M', 109000.00, true, '9e0bff8d-5f31-4bc9-b6b7-12d35b01ec8e'),
('b668a95c-76d5-4ca0-b4d3-2874bdc12e69', 'L', 114000.00, false, '9e0bff8d-5f31-4bc9-b6b7-12d35b01ec8e'),
('4b16ea22-4e7e-443e-b616-b0999af202fe', 'M', 94000.00, true, 'f96d3342-6f36-4663-80f7-8212f7f2b0b6'),
('05d71157-a40d-4a94-a89c-342d79166277', 'L', 99000.00, false, 'f96d3342-6f36-4663-80f7-8212f7f2b0b6'),
('db048d8f-06b4-4b4c-b976-415a406fde3b', 'Mặc định', 149000.00, true, '8f6d0db2-2c0d-48ef-93b1-d7e684653f95'),
('941f2861-a814-4ce8-8996-7e75ee416632', 'Mặc định', 225000.00, true, 'df700869-dd1a-4a3c-bd4b-3c54189e13f9'),
('d6aa9c11-5052-44b1-8452-9846ea42aed9', 'Mặc định', 90000.00, true, '9655cdcb-5abb-4016-9fd9-f08b4e2de8c1'),
('3a9f6b53-0731-42a9-b7d8-95b140188cf6', 'M', 109000.00, true, 'ba20dfdc-1bdd-4ed4-b495-e7b89f72e1e9'),
('353a7007-67ae-4bc7-92d3-e312dbd4090e', 'L', 114000.00, false, 'ba20dfdc-1bdd-4ed4-b495-e7b89f72e1e9'),
('ebb9b4cd-4cd0-4172-af93-d8642046a44e', 'M', 94000.00, true, 'a5c86a11-468a-4e06-9f54-13bbe673a91a'),
('feece453-de04-4b48-9851-22917434b621', 'L', 99000.00, false, 'a5c86a11-468a-4e06-9f54-13bbe673a91a'),
('573ba6d2-2588-4062-a72f-ebb46f417449', 'Mặc định', 149000.00, true, '72b397b2-3f51-41ab-8ff5-df089272d023'),
('0b29181d-c72b-4a08-a88b-06fd7f145518', 'Mặc định', 225000.00, true, 'a91f39ae-b205-4dd3-b7d2-6b44fd1a9974'),
('374d0caf-616b-47d2-8dc3-b8b11fbdaef2', 'Mặc định', 90000.00, true, '2dea9ab9-32cd-4858-a358-fc5c728e4a77'),
('44274266-a44e-4eeb-bd9a-1ae4037c6fe4', 'M', 109000.00, true, 'cf202444-b879-4602-8c0c-552524537217'),
('62af9099-9ef0-46ca-a052-ad538ed05639', 'L', 114000.00, false, 'cf202444-b879-4602-8c0c-552524537217'),
('f8390af4-b81c-4f72-9c68-ce2a8ca15a5e', 'M', 94000.00, true, '307bc3fe-43b5-4c71-8f19-6275be3b6549'),
('93483c77-46f5-4fde-b58f-f951eb980add', 'L', 99000.00, false, '307bc3fe-43b5-4c71-8f19-6275be3b6549'),
('8409dfba-93e8-4cd2-b240-aceecca9290c', 'Mặc định', 149000.00, true, '555c8047-e1a8-4ca8-9ea3-b25c341ab9e2'),
('7e51cf6a-8b57-4751-898c-898db7f5d90f', 'Mặc định', 225000.00, true, '2a1511de-65cd-47bc-8d84-52f4af33b63b'),
('33289110-b41c-4853-9fb2-aa52cb37c3ee', 'M', 54000.00, true, '0f99447a-83fa-4ada-97e8-71acd295216d'),
('3e4a6b9a-1dae-42f7-8330-02ce83eaaab6', 'L', 59000.00, false, '0f99447a-83fa-4ada-97e8-71acd295216d'),
('099fea24-8168-45c9-aefd-1b20941819bf', 'Mặc định', 54000.00, true, '752d6bfc-e8f1-4cfb-b315-f67a4587d069'),
('e5de8099-06ab-4240-94b5-b7a75b7046ee', 'Mặc định', 69000.00, true, '571fd161-8147-4575-a6fc-56c1ec136a54'),
('1d3a7559-6144-4e4e-bb0d-5fd1a31fac65', 'M', 54000.00, true, 'e5bf114c-7a19-4b0f-b0d0-fec6657d5576'),
('831a5509-ea1b-4ca0-a0d3-7f0521d7a3e3', 'L', 59000.00, false, 'e5bf114c-7a19-4b0f-b0d0-fec6657d5576'),
('cbe51182-c3b3-47dc-a97b-e462d4de23c0', 'M', 54000.00, true, 'cf031391-f120-4155-8842-cfba27b5c366'),
('017768d1-dcdb-4ed0-9f9d-6f431f221557', 'L', 59000.00, false, 'cf031391-f120-4155-8842-cfba27b5c366'),
('ce47930a-2d4f-4265-a4eb-c264b07eafd7', 'M', 54000.00, true, '6f7cacad-7de6-4b12-9d0d-904459319e61'),
('bc028d6e-9f06-437d-b0ba-6a19764abb2a', 'L', 59000.00, false, '6f7cacad-7de6-4b12-9d0d-904459319e61'),
('4f4d9b73-5b27-466e-b75b-e30bf853e62d', 'Mặc định', 54000.00, true, '887e8134-1db9-4ab5-869f-47c3ce96ad34'),
('eb6df269-bc4c-4576-8aa0-20d64eb566f4', 'Mặc định', 69000.00, true, '1357b38d-833b-4fbe-98d1-59438b3b5786'),
('6249e1bc-bcdc-4c1f-895c-ae850eee813c', 'M', 54000.00, true, '593a66f2-00e7-466e-81f1-504b617d27c9'),
('f36be40d-786d-4bac-b0d1-8b1b94deaa56', 'L', 59000.00, false, '593a66f2-00e7-466e-81f1-504b617d27c9'),
('1ee8b142-fb3c-4f05-988f-d2426f30525e', 'M', 54000.00, true, '5eaa1271-9a05-41f2-af75-735c85c82fea'),
('df3386cd-1f47-458b-b5e4-0dd139bc7057', 'L', 59000.00, false, '5eaa1271-9a05-41f2-af75-735c85c82fea'),
('b6b294b1-4042-412b-812d-eb603d2bfce8', 'Mặc định', 20000.00, true, 'e7bd9710-f0eb-4eb7-9a50-fde35576ace0'),
('da068fd1-e810-4a19-b01d-5ad14be6c797', 'Mặc định', 160000.00, true, 'b5bcecd2-4d76-4c06-a965-fd92027aec81'),
('7cb72a4c-b8bc-4b58-bc6b-1d80b9178350', 'Mặc định', 160000.00, true, '1031ce6a-891e-4184-9a94-9dc5f61c9839'),
('2a7804fb-bd2f-417a-8043-5ffb94362de9', 'Mặc định', 240000.00, true, '60492188-ce61-4e84-b58a-ce1e83af12ef'),
('37199bc3-a655-42b8-a723-8a77a10a791d', 'Mặc định', 240000.00, true, 'c3af3806-2f52-47c5-bfba-3f5b591f1656'),
('b641e7c7-9c22-4a14-b540-84de8920aea8', 'Mặc định', 142000.00, true, '725ef059-7713-406d-9a15-bf196564fa67'),
('5254d097-3068-4794-b5eb-e7bd166f8b00', 'Mặc định', 142000.00, true, '4bd1b738-bab5-46f8-8641-247a29f52115'),
('e801530b-c6ff-4a45-a678-33e866732c33', 'Mặc định', 142000.00, true, '74066587-d3ea-4029-95d3-219aef2cba8b'),
('58c770f6-1915-49a9-bd5e-26e7dd1858d6', 'Mặc định', 284000.00, true, '42c9e8cf-0438-419e-9073-0d0a4a9ac964'),
('07c33faf-b417-4c1b-af77-a8b9aa379472', 'Mặc định', 284000.00, true, 'd5a7ebea-82d5-4fb5-a646-9688aa33c400'),
('304610a0-c545-43ce-9f25-8973dc61b3e7', 'Mặc định', 142000.00, true, '51709f67-3fc3-4ae4-862f-68f23cea07c0'),
('a73276be-c4ae-447e-ba16-61a768fddd6d', 'Mặc định', 142000.00, true, '19b1ee58-ea04-4c88-9781-a0204bc6e31a'),
('b4a21df7-60e0-40e1-abe2-5678ecfff1a7', 'Mặc định', 142000.00, true, '49992a2f-d441-4260-a4d3-d28a9a026566'),
('3305cd07-557f-491f-9e58-03a8363adeb7', 'Mặc định', 284000.00, true, '30bd038a-de6c-43ed-ae9c-6d19e095dec0'),
('14d206ef-c38f-41ff-80b1-621b4796d824', 'Mặc định', 284000.00, true, 'fbff6717-9ef7-4335-946d-da8b49b21b8b'),
('89aae52d-462a-4acc-83ee-151275402ccf', 'Mặc định', 142000.00, true, '1efab0ae-901a-4390-b272-d4e4554bb99d'),
('3cbdc456-3b86-46c6-be4a-72b2199af95e', 'Mặc định', 142000.00, true, '1e37712c-ffb1-4085-b40b-b4b4d1121abe'),
('1bc23b2e-aed2-44e9-8a7a-26665be94e5b', 'Mặc định', 142000.00, true, 'fcee2f4b-dd08-45f8-b482-45b320527f46'),
('246207be-0875-45f5-8edf-892c6510f914', 'Mặc định', 284000.00, true, '36b90db9-c9aa-42ec-b8de-8bf46419e284'),
('0cf7cb68-380f-4f5d-9fad-1f6e19829aa9', 'Mặc định', 284000.00, true, '629c24e1-a33f-42aa-a5b5-9b94edd7216d'),
('8cb07dcd-1002-49d3-98f3-8863080fa523', 'Mặc định', 142000.00, true, '09c83123-8734-4f5f-a5b4-59e74afe3964'),
('6e0138cc-ae68-4035-b5f1-d729d85cbc15', 'Mặc định', 142000.00, true, 'b77a69e7-1b4c-4bb9-8bfa-ab2058069e3e'),
('ac37bcb2-2fc1-47ce-b678-7dd265b1dd52', 'Mặc định', 142000.00, true, 'cc6653f1-5774-4082-a19e-ab989e526b20'),
('3a84f217-91ca-4187-a551-6ec1c6e68400', 'Mặc định', 284000.00, true, 'deb8f031-1881-45c1-940a-bf4125bc57db'),
('2c1b0ce2-50f8-4ee0-83b9-b37e47847a80', 'Mặc định', 284000.00, true, '47be6eb8-eb19-4a48-9176-3b5f0cfa6dbf'),
('4c27b6a7-d077-43d7-8722-30a7962dbe36', 'Mặc định', 177120.00, true, '245162f6-b063-49fb-82ed-2d95336c0bf2'),
('827ab550-755a-4b1b-828d-0a6e114669e2', 'Mặc định', 195000.00, true, '5adbf2a9-ca4f-4007-a5cf-29af6f996402'),
('4eb8cd17-78e3-44db-af72-b7502ce3a82f', 'Mặc định', 199000.00, true, '73bbcd00-7d2f-4e35-8acc-049f32b36a3a'),
('41b7e199-bd58-4b62-8f0a-e37daef6d356', 'Mặc định', 259200.00, true, 'ae0b6673-63fa-4e05-855d-ae36be470e5a'),
('7177d971-96ae-49fb-8277-20020504267c', 'Mặc định', 307800.00, true, 'ae56b88a-0aa6-409e-989b-ba99dbc079eb'),
('b92e7e27-f8d0-4d81-a6d0-0fca441aba07', 'Mặc định', 177120.00, true, '4e36af2a-40ce-43fd-ac30-f70b68a85296'),
('41e7c8e6-0918-45b3-92e3-70ffafaa4cbd', 'Mặc định', 195000.00, true, 'cd38395b-7b15-4f8d-85be-af8057b5ac58'),
('c8f0f2ce-ea0b-467c-a75f-3e2d702d8e2f', 'Mặc định', 199000.00, true, 'de994bb6-af7c-4ca6-9935-3d0277c0bc37'),
('a1b24969-b325-404a-8e34-f70265ca53c1', 'Mặc định', 259200.00, true, 'f0335c6c-c138-4110-9669-24bdf2d3f1f0'),
('033d4009-6eb6-4a89-8583-e487c0a0529d', 'Mặc định', 307800.00, true, 'deb32bad-53a2-4d5b-a5cb-5da9f68bceea'),
('3080710b-ed6a-4fd3-b285-5b6e3b2fc510', 'Mặc định', 310000.00, true, '42e8713a-42a5-4beb-bcae-221d46646a57'),
('ec76a2a8-2ce3-4519-9ba0-1e3079f5bebd', 'Mặc định', 390000.00, true, '06305b07-4601-4882-b913-db3f1604e4df'),
('e6288f5a-8423-4439-b82c-70968f373472', 'Mặc định', 450000.00, true, '510697b1-9a77-4541-a2c1-18a6c7d18127'),
('555efb13-88b2-4932-895a-786cfab03c2c', 'Mặc định', 72000.00, true, '2b1331be-097c-488c-bdab-e1a86e8813f9'),
('b492cfcb-886b-4bcf-bb56-a0829e841785', 'Mặc định', 170000.00, true, 'ec583210-ae4d-4f8f-a937-0de91169ed51'),
('c9219f35-d9f1-44f4-a627-08d6f693cf2d', 'Mặc định', 310000.00, true, 'c9d42971-43c3-4261-8065-836dd5b1c76c'),
('acad8ff0-dec9-4ba7-8de7-7b4b5341b0d5', 'Mặc định', 390000.00, true, 'd2600ace-98ea-4695-a29d-3433bfdb6627'),
('8724e070-9003-4fcc-9e70-7cf5399419e1', 'Mặc định', 450000.00, true, '45bc2b49-e5ef-4983-a7b2-591ee97982f5'),
('2292c724-911c-44e5-b894-b831d4c6bf87', 'Mặc định', 72000.00, true, '4f3a04e3-b7fb-472a-8e01-41aa70c8371c'),
('60fb082a-32da-42ab-8ce8-968090535b2e', 'Mặc định', 170000.00, true, 'c73df777-36ed-44e6-b291-8adbf3659c1c'),
('fbaf76b3-361a-4ad6-a5ed-6b748ce76db3', 'Mặc định', 40000.00, true, 'f0c254ac-8989-4ec7-9b66-d803122c4023'),
('ab980a4a-1ad3-4a20-b680-ba744c166025', 'Mặc định', 45000.00, true, 'f9db20f2-bd8a-45ee-b475-38332a9df866'),
('d5813aea-f49e-4d84-b9ed-3c4f9cc7e2b5', 'Mặc định', 48000.00, true, '4954653f-991f-4345-9e4e-b85985da3e7a'),
('16615fbe-89f6-485d-abad-7c31cfd5ccbd', 'Mặc định', 43000.00, true, 'ca75a275-9d82-4164-a6fb-60cbd9cdf024'),
('025d446e-c8d4-4ebd-8136-cc5dfe7a8ed2', 'Mặc định', 40000.00, true, '62d37d4a-d758-4d82-83ae-a5afd3e9e8f5'),
('f4bb733a-d324-4216-b734-ad07d6ead090', 'Mặc định', 40000.00, true, '2f6dfbb0-8d9b-4af7-b4c7-5fe26157c027'),
('c60d7b44-600f-41c3-b910-eb12fbdaa901', 'Mặc định', 45000.00, true, '6c6f8357-0b49-4afc-8a5d-a740ff86c555'),
('fa67f18f-f07f-46b1-9c25-7d5202ed5593', 'Mặc định', 48000.00, true, 'b275b63c-3926-4349-b1e1-f11a8f574507'),
('093d85ea-9ee6-4e5f-9872-1349db499218', 'Mặc định', 43000.00, true, 'a110309b-cdf6-4cbe-823c-0ad22be72562'),
('a7e3bf2e-222a-4cc9-a43b-6c840d542bc4', 'Mặc định', 40000.00, true, 'c4243e2a-d5c5-421f-8122-0ab7bfad4898'),
('0a7d6b33-5c7e-4858-b8ef-e8d1f054dd10', 'Mặc định', 75000.00, true, '0d61adcf-1078-46c0-b74a-136cfaea97ca'),
('9839421e-5b2a-465f-85d7-72db4b345f39', 'Mặc định', 75000.00, true, '40382fb2-07a1-4817-a91b-a152c62804c8'),
('0d7bb472-5ffe-45d1-9063-3a6c99fa053c', 'Mặc định', 90000.00, true, '3dfed89f-bcb1-4a20-82d8-064584e1e5e6'),
('833caad0-13b4-4fef-84a1-80b3fe464a71', 'Mặc định', 95000.00, true, '46cf1d81-8fd7-4e31-8085-839e42638090'),
('5c85e06c-7e06-4d6e-8a96-8c41106085dd', 'Mặc định', 150000.00, true, '5dc84760-693b-4d1e-9050-e4c9e9854695'),
('7d07d026-8f67-4d49-b109-39b5c5d6ae57', 'Mặc định', 75000.00, true, '09d193ae-0f95-4e65-9d06-8c6b0e27cffc'),
('98e8443b-1922-4cc6-b3a2-f9d8a3d75cfb', 'Mặc định', 75000.00, true, 'c98c19e8-c3ca-45a6-8ebb-6a7cc94232e1'),
('d9f27934-5106-4475-9be8-0249ee37cc7a', 'Mặc định', 90000.00, true, '12878e97-faf8-4dbe-9923-f1a72619a849'),
('c7c2bafb-87e9-4d1c-876e-9c0d4be897c5', 'Mặc định', 95000.00, true, 'cc27833d-835c-4030-a686-98b76b5d0c7c'),
('d7f64af7-1fb5-44af-a967-5450d68a1562', 'Mặc định', 150000.00, true, 'd37af834-2a55-4467-ab09-d03dc9fd5c9f'),
('88d4f122-216e-467c-90d9-03e94051e1eb', 'Mặc định', 75000.00, true, '2b416ee9-7af8-4997-8858-b29f1e105340'),
('fc33f52b-08ec-44fa-a633-5867e492f75d', 'Mặc định', 75000.00, true, 'ff27e6e4-f71f-4eb8-b074-fd3c278134ce'),
('40277361-64f9-4563-adc3-1d2a9cbe9e99', 'Mặc định', 90000.00, true, '8133e057-88d9-4141-8d6a-57b6491d3ca2'),
('69a7fd87-486a-4445-b2d9-3fd8cd4e983c', 'Mặc định', 95000.00, true, '9021327b-4e04-4219-9862-b9dc539add64'),
('b4e1bf64-043b-4869-a67b-87f9bd6a8e4b', 'Mặc định', 150000.00, true, '612c1ddd-00bc-46e9-bfa0-d8713e7def2e'),
('547a25ed-d23e-4dc2-8471-344108849b34', 'Mặc định', 38000.00, true, '2af8f4b3-6ed8-4470-b09e-2c670b23de52'),
('a8c3d6f7-7635-42c5-85a6-a3d573ff19fc', 'Mặc định', 38000.00, true, 'cabb8148-a4b6-404b-b483-ced1a9d7398f'),
('6a544e4e-c33e-476d-a291-a6d9b4ddf15e', 'Mặc định', 78000.00, true, '591ea739-8a4f-4129-9a87-8e76d29acb3f'),
('83e3d503-4f4d-4db0-b4eb-693d55768fac', 'Mặc định', 78000.00, true, 'a9a1da18-0b08-467d-b1a4-07f160746043'),
('9e10c195-079c-40ee-9ff0-a6f8753e04df', 'Mặc định', 78000.00, true, 'bd9a5af5-7071-4f26-9a9c-421e5c24a736'),
('a58c7a73-05f1-49c8-aa0c-bc44edb7b14f', 'Mặc định', 38000.00, true, 'f93b9b76-16e0-4d7d-bbda-1545dd8d0a2b'),
('02a0a8de-4ddd-4bb3-a7ef-1d8b56e2d6b7', 'Mặc định', 38000.00, true, 'ba076834-a173-43e2-8f9d-c606bbae4310'),
('fada55b8-f4f1-41f0-ae81-ea41d8f3dd44', 'Mặc định', 78000.00, true, '4ff0aa95-5730-481a-bde5-43a2a6af8f4f'),
('4708b004-c38d-4d63-b3a5-59dc6895e659', 'Mặc định', 78000.00, true, '254867bd-d178-48bb-b3df-4b7561a0ee18'),
('fd65678e-10a6-4fe4-969d-da5ffb499111', 'Mặc định', 78000.00, true, 'd4301e23-2f04-447d-9f16-ba7174a3c850'),
('4c9a2223-918b-489b-892a-d1f63acfdf79', 'Mặc định', 38000.00, true, '53b3e8f5-d39b-4080-957a-fa16ab1981b8'),
('7660f077-0dc2-4d63-a5ec-48adf2e1e692', 'Mặc định', 38000.00, true, '6596978a-2112-4aee-a8a9-e1fe28b23ad0'),
('c4751760-f73c-43d6-9d91-0c57d49669e3', 'Mặc định', 78000.00, true, 'b96c872c-4b85-4a92-9f08-af63b59d112b'),
('8e849093-40d6-4053-9e57-90605e158ef3', 'Mặc định', 78000.00, true, '34b47702-9762-49bb-959f-b1c37f6b6df4'),
('b6223e4e-1dbd-4fee-a3a8-2bbe981e3bfc', 'Mặc định', 78000.00, true, 'd8859578-e364-4d3e-84ec-9508add150be'),
('332f4264-24b6-4d03-a413-aac7b5c282de', 'Mặc định', 38000.00, true, 'a518841a-4261-4873-a6c4-4ef9d30ab802'),
('7a5e57aa-ea71-495f-a394-2bacc76517c2', 'Mặc định', 38000.00, true, '80111d9b-b657-4cd1-bccb-ddbb18b9c504'),
('e9db1197-b708-46b5-8c4e-6a3b92faf08a', 'Mặc định', 78000.00, true, 'b8b0c084-84eb-4958-8928-9ef6e599492b'),
('ea17735d-5bbf-4b9d-9bd7-eb233ef72675', 'Mặc định', 78000.00, true, '082f8d9a-f90a-4b9e-9997-5e33f3b521d2'),
('3a2c9dde-04ca-4114-ad49-440654f948da', 'Mặc định', 78000.00, true, '54188e58-13f3-46a9-8b93-61ebe1047a9c'),
('2fd911ca-870a-48a4-81de-2426a75124d2', 'Mặc định', 60000.00, true, '1587c420-1e8a-4075-8710-ff4beb93944a'),
('f8093779-72fa-46e2-ac2e-86ca36906dfa', 'Mặc định', 58000.00, true, '9ee4bf4b-3722-49b9-afec-746c2400b671'),
('95405af3-cb2f-46b7-8fe0-62aa955231d8', 'Mặc định', 60000.00, true, '34030a3a-6398-4895-9030-da2276de9aba'),
('0c18c633-9507-4fe1-b662-5aeeedd613b0', 'Mặc định', 66000.00, true, '115a41df-4431-4e18-b9ba-933e109e9e79'),
('e972d868-7e8a-4e52-94d7-577623e16c28', 'Mặc định', 72000.00, true, '667dc23f-83bd-47bd-97be-b8a65eb46aa0'),
('e8b540cd-65ba-4cdc-9686-e20007c07f37', 'Mặc định', 60000.00, true, '05a04681-6de6-4bcd-b07d-193d53210ba7'),
('4fe3033f-92dc-4d5b-8ddb-6126e32734c2', 'Mặc định', 58000.00, true, 'a6b8bf7e-0a85-4529-87d8-a23d5f0b468d'),
('fec3284c-210f-4422-802d-d6ca40df0b94', 'Mặc định', 60000.00, true, '8487163e-66b8-4798-bcdc-0a5fdcf72d1c'),
('6a004b32-515e-46f1-b81f-5b3af7bff3e9', 'Mặc định', 66000.00, true, '9dddfe5c-b366-441e-94ba-7da3c2441731'),
('f91e1780-1b9b-4e6d-9b90-ebac35cabfb0', 'Mặc định', 72000.00, true, 'd4069643-d6d7-48a6-8539-43b4c0d1de6c');

-- ========================================
-- Total restaurants: 25
-- Total food categories: 57
-- Total foods: 290
-- Total food options: 318
